,name
0,mutation_TTN
1,mutation_TP53
2,mutation_MUC16
3,mutation_OBSCN
4,mutation_LRP1B
5,mutation_RYR2
6,mutation_SYNE1
7,mutation_PCLO
8,mutation_ZFHX4
9,mutation_MT-ND5
10,mutation_USH2A
11,mutation_CSMD3
12,mutation_MT-CYB
13,mutation_DST
14,mutation_MUC4
15,mutation_FLG
16,mutation_KMT2D
17,mutation_HMCN1
18,mutation_ABCA13
19,mutation_GPR98
20,mutation_KMT2C
21,mutation_CSMD1
22,mutation_FAT3
23,mutation_PLEC
24,mutation_MACF1
25,mutation_FSIP2
26,mutation_RYR1
27,mutation_NEB
28,mutation_DNAH5
29,mutation_MUC5B
30,mutation_MUC17
31,mutation_APOB
32,mutation_PCDH15
33,mutation_FAT4
34,mutation_SYNE2
35,mutation_PKHD1L1
36,mutation_RYR3
37,mutation_KIAA1109
38,mutation_LRP2
39,mutation_PKHD1
40,mutation_DNAH11
41,mutation_RELN
42,mutation_AHNAK
43,mutation_DNAH7
44,mutation_HERC2
45,mutation_KRAS
46,mutation_LAMA1
47,mutation_DNAH8
48,mutation_MDN1
49,mutation_LAMA5
50,mutation_DNAH17
51,mutation_DNAH9
52,mutation_XIRP2
53,mutation_AHNAK2
54,mutation_PKD1
55,mutation_PDE4DIP
56,mutation_FAT1
57,mutation_SPTA1
58,mutation_EYS
59,mutation_ATM
60,mutation_ZFHX3
61,mutation_CSMD2
62,mutation_DNAH3
63,mutation_DCHS2
64,mutation_ARID1A
65,mutation_BIRC6
66,mutation_RNF213
67,mutation_APC
68,mutation_COL11A1
69,mutation_VPS13B
70,mutation_ASPM
71,mutation_RIMS2
72,mutation_MYO18B
73,mutation_HSPG2
74,mutation_SACS
75,mutation_FCGBP
76,mutation_TG
77,mutation_VCAN
78,mutation_CDH23
79,mutation_DMD
80,mutation_TNRC18
81,mutation_DNAH10
82,mutation_AKAP9
83,mutation_FRAS1
84,mutation_ALMS1
85,mutation_TNXB
86,mutation_ZNF292
87,mutation_UNC13C
88,mutation_LRP1
89,mutation_HERC1
90,mutation_NAV3
91,mutation_FMN2
92,mutation_EP400
93,mutation_CUBN
94,mutation_SPEN
95,mutation_RP1L1
96,mutation_DYNC2H1
97,mutation_DNAH6
98,mutation_SI
99,mutation_CREBBP
100,mutation_ANK3
101,mutation_DNHD1
102,mutation_PAPPA2
103,mutation_FAT2
104,mutation_ANK2
105,mutation_SVEP1
106,mutation_PLXNB1
107,mutation_VPS13C
108,mutation_MT-ND1
109,mutation_SPEG
110,mutation_CENPF
111,mutation_FBN2
112,mutation_TICAM1
113,mutation_TCHH
114,mutation_TENM2
115,mutation_MT-ND4
116,mutation_SPTBN5
117,mutation_EP300
118,mutation_ANKRD11
119,mutation_PKD1L1
120,mutation_UBR4
121,mutation_PCNT
122,mutation_SMARCA4
123,mutation_COL6A3
124,mutation_DNAH2
125,mutation_COL22A1
126,mutation_LRRK2
127,mutation_TRRAP
128,mutation_KMT2A
129,mutation_NF1
130,mutation_WDFY4
131,mutation_BRAF
132,mutation_SRRM2
133,mutation_CMYA5
134,mutation_URB1
135,mutation_TENM4
136,mutation_PEG3
137,mutation_DNAH1
138,mutation_IGFN1
139,mutation_EPPK1
140,mutation_TRIO
141,mutation_KALRN
142,mutation_KIAA2026
143,mutation_ABCA12
144,mutation_CHD9
145,mutation_TENM3
146,mutation_NCOR2
147,mutation_LYST
148,mutation_HELZ2
149,mutation_LAMA2
150,mutation_FLNC
151,mutation_PRKDC
152,mutation_NOTCH1
153,mutation_NBPF14
154,mutation_BAZ2B
155,mutation_ZDBF2
156,mutation_SRCAP
157,mutation_UNC79
158,mutation_HYDIN
159,mutation_BSN
160,mutation_C5orf42
161,mutation_UNC80
162,mutation_FBN1
163,mutation_CACNA1H
164,mutation_CNTNAP5
165,mutation_DIDO1
166,mutation_MYCBP2
167,mutation_PLXNA4
168,mutation_CELSR3
169,mutation_NIPBL
170,mutation_RANBP2
171,mutation_TPR
172,mutation_SDK1
173,mutation_MGA
174,mutation_MKI67
175,mutation_ROBO2
176,mutation_ASXL3
177,mutation_NBEA
178,mutation_PXDNL
179,mutation_DSCAM
180,mutation_PIEZO2
181,mutation_WDFY3
182,mutation_PIEZO1
183,mutation_RP1
184,mutation_MYO9A
185,mutation_HECTD4
186,mutation_NRXN1
187,mutation_ADAMTS20
188,mutation_BRCA2
189,mutation_PTEN
190,mutation_PTPN13
191,mutation_CIC
192,mutation_STARD9
193,mutation_LIPE
194,mutation_UTRN
195,mutation_DCHS1
196,mutation_USP34
197,mutation_PDZD2
198,mutation_MT-ATP6
199,mutation_PIK3CA
200,mutation_BAI3
201,mutation_PRUNE2
202,mutation_POLQ
203,mutation_LAMA3
204,mutation_MYO15A
205,mutation_KIAA1549
206,mutation_COL7A1
207,mutation_FBN3
208,mutation_DYNC1H1
209,mutation_CEP350
210,mutation_C12orf55
211,mutation_VPS13A
212,mutation_TNR
213,mutation_DCDC1
214,mutation_CACNA1B
215,mutation_SETD1B
216,mutation_MXRA5
217,mutation_GNAS
218,mutation_THSD7B
219,mutation_TNRC6B
220,mutation_DYSF
221,mutation_BPTF
222,mutation_PRDM13
223,mutation_VPS13D
224,mutation_FAM135B
225,mutation_C1orf173
226,mutation_KMT2B
227,mutation_COL6A6
228,mutation_FLG2
229,mutation_CHD7
230,mutation_STAB1
231,mutation_CACNA1E
232,mutation_DSP
233,mutation_FLNB
234,mutation_HTT
235,mutation_COL12A1
236,mutation_SZT2
237,mutation_ATRX
238,mutation_FREM2
239,mutation_MT-CO3
240,mutation_UBR5
241,mutation_PRRC2C
242,mutation_LTN1
243,mutation_HUWE1
244,mutation_DMXL1
245,mutation_LRBA
246,mutation_CNTNAP2
247,mutation_STAB2
248,mutation_NOTCH3
249,mutation_ITPR2
250,mutation_PTPRT
251,mutation_DNAH14
252,mutation_TECTA
253,mutation_BOD1L1
254,mutation_TENM1
255,mutation_WDR87
256,mutation_CDKN2A
257,mutation_CUX1
258,mutation_ACACB
259,mutation_MYH1
260,mutation_GOLGB1
261,mutation_GPR112
262,mutation_TTC3
263,mutation_SCN9A
264,mutation_TTC40
265,mutation_INTS1
266,mutation_MYO7A
267,mutation_DSCAML1
268,mutation_ASH1L
269,mutation_FAM208B
270,mutation_MYO9B
271,mutation_CHD6
272,mutation_DOPEY2
273,mutation_C2CD3
274,mutation_VWF
275,mutation_MT-CO2
276,mutation_CACNA1C
277,mutation_MYH8
278,mutation_SEC16A
279,mutation_ROS1
280,mutation_IGSF10
281,mutation_FANCM
282,mutation_SPHKAP
283,mutation_MUC2
284,mutation_ZNF469
285,mutation_ZNF536
286,mutation_MROH2B
287,mutation_NBAS
288,mutation_TPTE
289,mutation_MAP1A
290,mutation_JMJD1C
291,mutation_MGAM
292,mutation_REV3L
293,mutation_SCN3A
294,mutation_CELSR1
295,mutation_SVIL
296,mutation_WNK2
297,mutation_MYH4
298,mutation_RB1
299,mutation_ARID1B
300,mutation_THSD7A
301,mutation_KIAA1731
302,mutation_MUC19
303,mutation_PREX2
304,mutation_CACNA1A
305,mutation_AKAP6
306,mutation_ADAMTS12
307,mutation_SPEF2
308,mutation_CNTRL
309,mutation_DOCK2
310,mutation_COL3A1
311,mutation_PRR12
312,mutation_ANKRD30A
313,mutation_MYH2
314,mutation_LPHN3
315,mutation_SCN10A
316,mutation_ACAN
317,mutation_CEP290
318,mutation_GLI3
319,mutation_RP11-1220K2.2
320,mutation_TLN2
321,mutation_SPTBN2
322,mutation_BDP1
323,mutation_TRIP12
324,mutation_ATR
325,mutation_PTPRD
326,mutation_UTP20
327,mutation_NPAP1
328,mutation_C20orf112
329,mutation_CHD8
330,mutation_ABCA2
331,mutation_SORL1
332,mutation_PHF3
333,mutation_ZNF423
334,mutation_ZNF831
335,mutation_COL18A1
336,mutation_SPAG17
337,mutation_ABCA8
338,mutation_MEGF8
339,mutation_CROCC
340,mutation_ROBO1
341,mutation_CSPG4
342,mutation_TAF1L
343,mutation_DCC
344,mutation_CELSR2
345,mutation_CRTC1
346,mutation_LRRC7
347,mutation_CENPE
348,mutation_F8
349,mutation_OTOG
350,mutation_COL5A1
351,mutation_HEATR5B
352,mutation_PRDM2
353,mutation_ZFHX2
354,mutation_SPATA31D1
355,mutation_TACC2
356,mutation_MYO10
357,mutation_CRYBG3
358,mutation_KIF26B
359,mutation_SIPA1L1
360,mutation_MYH13
361,mutation_SCN2A
362,mutation_KIAA1211
363,mutation_TEP1
364,mutation_MYO16
365,mutation_CCDC108
366,mutation_EVPL
367,mutation_AGRN
368,mutation_PCSK5
369,mutation_AKAP13
370,mutation_FASN
371,mutation_MED12L
372,mutation_SLIT2
373,mutation_LRRIQ1
374,mutation_ASCC3
375,mutation_CNTNAP4
376,mutation_INVS
377,mutation_FRYL
378,mutation_FN1
379,mutation_SCN5A
380,mutation_COL6A5
381,mutation_ATP10A
382,mutation_MAP1B
383,mutation_PTPRS
384,mutation_OTOGL
385,mutation_TRAPPC9
386,mutation_SCRIB
387,mutation_MT-CO1
388,mutation_RP11-1055B8.7
389,mutation_FNDC1
390,mutation_KIAA0947
391,mutation_SMG1
392,mutation_ZNF318
393,mutation_RERE
394,mutation_FLNA
395,mutation_PPP1R3A
396,mutation_PCNX
397,mutation_ABCA7
398,mutation_CIT
399,mutation_CACNA1G
400,mutation_NBEAL2
401,mutation_MYO3A
402,mutation_ZNF804A
403,mutation_ANK1
404,mutation_ARAP2
405,mutation_ADAMTS2
406,mutation_GSE1
407,mutation_EXPH5
408,mutation_MYH9
409,mutation_MAST4
410,mutation_SIPA1L2
411,mutation_FER1L6
412,mutation_MYH14
413,mutation_ITGB4
414,mutation_ALK
415,mutation_MYH7
416,mutation_SRCIN1
417,mutation_DISP1
418,mutation_MYH15
419,mutation_HIVEP3
420,mutation_CDH10
421,mutation_NAV2
422,mutation_NCKAP5
423,mutation_ASTN2
424,mutation_PRRC2B
425,mutation_SDK2
426,mutation_ERBB4
427,mutation_SLX4
428,mutation_HRNR
429,mutation_CNTN5
430,mutation_ADAMTSL3
431,mutation_RIF1
432,mutation_SCAF1
433,mutation_PCDH10
434,mutation_ZNF638
435,mutation_DOCK3
436,mutation_PXDN
437,mutation_NCOA6
438,mutation_MAP2
439,mutation_ZFPM2
440,mutation_RTTN
441,mutation_HIVEP1
442,mutation_SBNO1
443,mutation_BRINP3
444,mutation_LOXHD1
445,mutation_TNC
446,mutation_MT-ND2
447,mutation_F5
448,mutation_GRIN2B
449,mutation_ZNF208
450,mutation_TTC28
451,mutation_THADA
452,mutation_PHRF1
453,mutation_TRPS1
454,mutation_SPTBN4
455,mutation_MUC22
456,mutation_FREM1
457,mutation_SETX
458,mutation_GPR179
459,mutation_KIF26A
460,mutation_TRIOBP
461,mutation_ADAMTS16
462,mutation_GTF3C1
463,mutation_GLI2
464,mutation_SOGA2
465,mutation_PCNXL2
466,mutation_TIAM1
467,mutation_PLXNA1
468,mutation_OBSL1
469,mutation_TRPM6
470,mutation_ITPR3
471,mutation_MECOM
472,mutation_FRY
473,mutation_ADAMTS18
474,mutation_NIN
475,mutation_TRPM2
476,mutation_PLXNB2
477,mutation_CTNND2
478,mutation_CTNNA2
479,mutation_PTPRB
480,mutation_ZNF462
481,mutation_SORCS1
482,mutation_ARHGEF17
483,mutation_KIAA1429
484,mutation_ALPK2
485,mutation_PPP1R26
486,mutation_LTBP1
487,mutation_RIMS1
488,mutation_OTOF
489,mutation_SPTB
490,mutation_ASTN1
491,mutation_DMXL2
492,mutation_KIAA1009
493,mutation_DLG5
494,mutation_KIAA1244
495,mutation_ITPR1
496,mutation_PLCH1
497,mutation_HCN1
498,mutation_ANKRD17
499,mutation_ANKRD36
500,mutation_MAGI1
501,mutation_MYH3
502,mutation_POLE
503,mutation_ABCA3
504,mutation_ADGB
505,mutation_EPHA6
506,mutation_EPG5
507,mutation_TMEM132D
508,mutation_SBF1
509,mutation_NWD1
510,mutation_DMBT1
511,mutation_GRM1
512,mutation_COL4A4
513,mutation_MYT1L
514,mutation_ZZEF1
515,mutation_PLXND1
516,mutation_TEX15
517,mutation_SCN11A
518,mutation_ATG2A
519,mutation_SETD2
520,mutation_SCN4A
521,mutation_ANKRD12
522,mutation_COL14A1
523,mutation_TNRC6A
524,mutation_NRK
525,mutation_CR1
526,mutation_ZEB2
527,mutation_BCORL1
528,mutation_CPAMD8
529,mutation_MYLK
530,mutation_SLITRK5
531,mutation_TMEM131
532,mutation_ZNF804B
533,mutation_ZNF609
534,mutation_CACNA1D
535,mutation_PRRC2A
536,mutation_SCN7A
537,mutation_ANO4
538,mutation_TSC2
539,mutation_PI4KA
540,mutation_CHD5
541,mutation_YLPM1
542,mutation_EGFR
543,mutation_MYH6
544,mutation_MUC12
545,mutation_CNTN6
546,mutation_CHL1
547,mutation_ABCA5
548,mutation_PRDM9
549,mutation_IGF2R
550,mutation_NOTCH4
551,mutation_NALCN
552,mutation_MTUS2
553,mutation_TNN
554,mutation_CABIN1
555,mutation_AFF2
556,mutation_GCN1L1
557,mutation_PAPPA
558,mutation_NBEAL1
559,mutation_PTPRM
560,mutation_INSRR
561,mutation_COL19A1
562,mutation_COL24A1
563,mutation_CTTNBP2
564,mutation_DOCK10
565,mutation_SCN1A
566,mutation_ABCA1
567,mutation_CPS1
568,mutation_LRP5
569,mutation_SHANK2
570,mutation_NSD1
571,mutation_MPDZ
572,mutation_SHANK1
573,mutation_GOLGA3
574,mutation_BRWD1
575,mutation_MED12
576,mutation_NACA
577,mutation_MTOR
578,mutation_NLRP3
579,mutation_CASZ1
580,mutation_PTPRC
581,mutation_HIVEP2
582,mutation_COL20A1
583,mutation_SORCS3
584,mutation_SF3B1
585,mutation_ST18
586,mutation_CD163L1
587,mutation_LAMB4
588,mutation_SPTAN1
589,mutation_GRIN2A
590,mutation_TCF20
591,mutation_ABCC9
592,mutation_RREB1
593,mutation_PCNXL3
594,mutation_ZC3H13
595,mutation_NBPF20
596,mutation_KIF15
597,mutation_MYOM2
598,mutation_BTBD7
599,mutation_COL11A2
600,mutation_PIK3C2G
601,mutation_ABCA9
602,mutation_GLTSCR1
603,mutation_MYO7B
604,mutation_TLN1
605,mutation_ZFYVE26
606,mutation_MYO18A
607,mutation_LPHN2
608,mutation_HECW1
609,mutation_ALPK3
610,mutation_HEATR1
611,mutation_TSHZ3
612,mutation_MUC6
613,mutation_TTF1
614,mutation_XDH
615,mutation_MICAL3
616,mutation_KIF21A
617,mutation_BCOR
618,mutation_PTPRF
619,mutation_DACH1
620,mutation_KIAA1217
621,mutation_C3
622,mutation_COL4A1
623,mutation_PCDH17
624,mutation_ARHGEF11
625,mutation_LPA
626,mutation_EPHB6
627,mutation_PTPRZ1
628,mutation_ANKRD30B
629,mutation_COL5A3
630,mutation_CKAP5
631,mutation_PCDH7
632,mutation_CDC42BPA
633,mutation_RALGAPA2
634,mutation_CUL9
635,mutation_SIPA1L3
636,mutation_DOCK6
637,mutation_MAGI2
638,mutation_LRRK1
639,mutation_COL27A1
640,mutation_SETD1A
641,mutation_ATG2B
642,mutation_PPFIA2
643,mutation_TPO
644,mutation_TMEM132C
645,mutation_ABCB5
646,mutation_EPHA5
647,mutation_KAT6B
648,mutation_BAI2
649,mutation_CNOT1
650,mutation_HECTD1
651,mutation_ZNF106
652,mutation_TNRC6C
653,mutation_AUTS2
654,mutation_KCNB2
655,mutation_DOCK4
656,mutation_FBRSL1
657,mutation_NFASC
658,mutation_CDH8
659,mutation_WDR17
660,mutation_ANKRD36C
661,mutation_SAMD9L
662,mutation_CRB1
663,mutation_BCLAF1
664,mutation_SCAF4
665,mutation_GRM8
666,mutation_NCOR1
667,mutation_TRPM1
668,mutation_TDRD6
669,mutation_EVC2
670,mutation_RNF17
671,mutation_PRDM16
672,mutation_ESPL1
673,mutation_MAST2
674,mutation_NLRP5
675,mutation_NYNRIN
676,mutation_SON
677,mutation_BCL9L
678,mutation_DOCK1
679,mutation_TRANK1
680,mutation_COL5A2
681,mutation_MYH11
682,mutation_WDR52
683,mutation_ASXL1
684,mutation_KDR
685,mutation_TJP1
686,mutation_CECR2
687,mutation_MDC1
688,mutation_GPR158
689,mutation_SHROOM3
690,mutation_DOT1L
691,mutation_STIM2
692,mutation_PLXNA2
693,mutation_EPB41L3
694,mutation_KCNT2
695,mutation_SPTBN1
696,mutation_PPL
697,mutation_C6
698,mutation_LAMC3
699,mutation_PPRC1
700,mutation_COL15A1
701,mutation_ATN1
702,mutation_MT-ND6
703,mutation_PRR14L
704,mutation_SLC8A1
705,mutation_EIF4G1
706,mutation_KIAA1462
707,mutation_ATF7IP
708,mutation_SALL3
709,mutation_ANKRD26
710,mutation_SLIT3
711,mutation_KIAA1551
712,mutation_LAMB2
713,mutation_TUBGCP6
714,mutation_KIF1A
715,mutation_ZNF608
716,mutation_AHCTF1
717,mutation_LCT
718,mutation_NRXN3
719,mutation_KIAA1549L
720,mutation_NOS3
721,mutation_TET2
722,mutation_EPHA3
723,mutation_APC2
724,mutation_TRO
725,mutation_COL1A2
726,mutation_UBN2
727,mutation_FHOD3
728,mutation_WDR36
729,mutation_MSH6
730,mutation_DIP2C
731,mutation_ABCA6
732,mutation_DOCK5
733,mutation_CUX2
734,mutation_CHD4
735,mutation_ADAMTS9
736,mutation_KIF20B
737,mutation_NOS1
738,mutation_CACNA1S
739,mutation_SMC4
740,mutation_TRPM3
741,mutation_ABCB1
742,mutation_GON4L
743,mutation_ARFGEF2
744,mutation_DLC1
745,mutation_TANC1
746,mutation_TNS1
747,mutation_PTPRN2
748,mutation_KIF21B
749,mutation_GCC2
750,mutation_ATP13A5
751,mutation_KDM5A
752,mutation_KDM6B
753,mutation_MDGA2
754,mutation_CFTR
755,mutation_MYOF
756,mutation_SPG11
757,mutation_LAMC1
758,mutation_PZP
759,mutation_AHDC1
760,mutation_CAD
761,mutation_TRPA1
762,mutation_PLCH2
763,mutation_NUP210
764,mutation_USP24
765,mutation_SLC12A7
766,mutation_TP53BP1
767,mutation_GPATCH8
768,mutation_CACNA1I
769,mutation_NUP98
770,mutation_ATXN1
771,mutation_KSR2
772,mutation_RGSL1
773,mutation_HEATR5A
774,mutation_HDAC9
775,mutation_LRP4
776,mutation_B4GALNT4
777,mutation_PLCE1
778,mutation_CDC42BPB
779,mutation_MBD5
780,mutation_MAP3K4
781,mutation_LMTK3
782,mutation_HELZ
783,mutation_NAV1
784,mutation_WDR7
785,mutation_MYO5B
786,mutation_NLRC5
787,mutation_ITGAD
788,mutation_WDR90
789,mutation_PBRM1
790,mutation_NLRP13
791,mutation_NRXN2
792,mutation_SETBP1
793,mutation_ZFC3H1
794,mutation_PTPRQ
795,mutation_NLRP4
796,mutation_DMRTB1
797,mutation_DLGAP2
798,mutation_PLXNA3
799,mutation_SIGLEC1
800,mutation_CAMTA1
801,mutation_ABCA4
802,mutation_DOCK7
803,mutation_C20orf26
804,mutation_TICRR
805,mutation_CEP250
806,mutation_FAM135A
807,mutation_ATAD5
808,mutation_ARHGEF10
809,mutation_NOTCH2
810,mutation_PLCB4
811,mutation_PTCHD2
812,mutation_SAMD9
813,mutation_FBXW7
814,mutation_NID2
815,mutation_JAG2
816,mutation_GRM5
817,mutation_GREB1
818,mutation_CDK13
819,mutation_VWDE
820,mutation_EML5
821,mutation_CASC5
822,mutation_INPPL1
823,mutation_ZNF236
824,mutation_ARID2
825,mutation_NFXL1
826,mutation_CPSF1
827,mutation_XIRP1
828,mutation_SCAPER
829,mutation_TNKS1BP1
830,mutation_KIAA1107
831,mutation_COL4A2
832,mutation_ZNF407
833,mutation_EML6
834,mutation_FANCA
835,mutation_AOX1
836,mutation_RBP3
837,mutation_NRAS
838,mutation_RIMBP2
839,mutation_ADAMTSL1
840,mutation_XRN1
841,mutation_NDST4
842,mutation_SYCP2
843,mutation_COL6A2
844,mutation_HECW2
845,mutation_RAI1
846,mutation_MAGEC1
847,mutation_UNC13B
848,mutation_ATXN2L
849,mutation_INO80
850,mutation_KDM6A
851,mutation_FSTL5
852,mutation_AIM1
853,mutation_NUMA1
854,mutation_DNAH12
855,mutation_COL4A3
856,mutation_AGBL1
857,mutation_KIAA2022
858,mutation_NUP205
859,mutation_CEP192
860,mutation_CACNA1F
861,mutation_PREX1
862,mutation_IGSF9B
863,mutation_NES
864,mutation_BZRAP1
865,mutation_DOCK8
866,mutation_JARID2
867,mutation_PLCL1
868,mutation_PHF20L1
869,mutation_PSME4
870,mutation_TET3
871,mutation_CARD11
872,mutation_PLA2R1
873,mutation_ACACA
874,mutation_CCDC88B
875,mutation_NLRP1
876,mutation_PDCD11
877,mutation_KIF1B
878,mutation_PLEKHA6
879,mutation_CEP170
880,mutation_CAMSAP1
881,mutation_PKDREJ
882,mutation_USP35
883,mutation_ARID4B
884,mutation_KIF2B
885,mutation_CCDC178
886,mutation_POLD1
887,mutation_FLT1
888,mutation_KDM5B
889,mutation_IRS1
890,mutation_CGNL1
891,mutation_MCPH1
892,mutation_DROSHA
893,mutation_CDH9
894,mutation_ROR2
895,mutation_KCNH7
896,mutation_WNK1
897,mutation_SSC5D
898,mutation_FAM83H
899,mutation_ARHGAP32
900,mutation_DUSP27
901,mutation_MYO3B
902,mutation_SNAPC4
903,mutation_KIAA1875
904,mutation_TDRD1
905,mutation_MYH7B
906,mutation_AFF3
907,mutation_KAT6A
908,mutation_SALL4
909,mutation_KDM2B
910,mutation_GOLGA4
911,mutation_ADCY10
912,mutation_ATRNL1
913,mutation_ZNF521
914,mutation_KIAA0825
915,mutation_EPHA7
916,mutation_TET1
917,mutation_PDPR
918,mutation_EIF5B
919,mutation_RICTOR
920,mutation_NRAP
921,mutation_SBF2
922,mutation_NBPF1
923,mutation_ZNF800
924,mutation_HDAC4
925,mutation_KMT2E
926,mutation_AKAP12
927,mutation_C2orf16
928,mutation_ABCC8
929,mutation_MN1
930,mutation_WDR72
931,mutation_ARAP3
932,mutation_KIAA0368
933,mutation_SLITRK3
934,mutation_RBBP6
935,mutation_ACE
936,mutation_TANC2
937,mutation_MAP3K2
938,mutation_COL2A1
939,mutation_PEAK1
940,mutation_MCM3AP
941,mutation_NCKAP5L
942,mutation_MADD
943,mutation_N4BP2
944,mutation_CCDC168
945,mutation_IFT172
946,mutation_WDR81
947,mutation_EIF3C
948,mutation_CLUH
949,mutation_ADCY8
950,mutation_CEP170B
951,mutation_FILIP1
952,mutation_ZNF141
953,mutation_NUP214
954,mutation_MLLT4
955,mutation_ZNF91
956,mutation_ADAMTS7
957,mutation_PCDHA13
958,mutation_KNDC1
959,mutation_CAPN15
960,mutation_BRINP1
961,mutation_KCNH2
962,mutation_SYNJ2
963,mutation_TENC1
964,mutation_MYOM1
965,mutation_ABCC12
966,mutation_RRBP1
967,mutation_DUOX2
968,mutation_CCDC88C
969,mutation_HCFC1
970,mutation_PTCH1
971,mutation_PIK3C2B
972,mutation_ZNF99
973,mutation_FLT4
974,mutation_C10orf71
975,mutation_VWA8
976,mutation_DZIP3
977,mutation_COBL
978,mutation_FGD5
979,mutation_LMTK2
980,mutation_SHROOM2
981,mutation_ADCY1
982,mutation_C2orf71
983,mutation_ZMYM6
984,mutation_KANSL1L
985,mutation_PCDH9
986,mutation_KIAA2018
987,mutation_URB2
988,mutation_WHSC1L1
989,mutation_SGK223
990,mutation_EPHB2
991,mutation_COL9A1
992,mutation_KCNH8
993,mutation_SALL1
994,mutation_PDE3A
995,mutation_SULF1
996,mutation_ARHGEF5
997,mutation_LTBP2
998,mutation_BMS1
999,mutation_POLA1
1000,mutation_SMARCA2
1001,mutation_SOGA1
1002,mutation_COL4A5
1003,mutation_EGFLAM
1004,mutation_TNK2
1005,mutation_NBPF10
1006,mutation_RP11-368I7.4
1007,mutation_UNC5D
1008,mutation_NRP2
1009,mutation_KIF7
1010,mutation_WDR62
1011,mutation_MYH10
1012,mutation_NCOA2
1013,mutation_RBL2
1014,mutation_SCN8A
1015,mutation_ZNF865
1016,mutation_LMO7
1017,mutation_KEAP1
1018,mutation_TEX14
1019,mutation_ZNFX1
1020,mutation_ADAMTS19
1021,mutation_POLRMT
1022,mutation_IFT140
1023,mutation_FAM189B
1024,mutation_DEPDC5
1025,mutation_DOCK9
1026,mutation_PCDHB11
1027,mutation_DDX60L
1028,mutation_FAM179B
1029,mutation_SMAD4
1030,mutation_ATP10B
1031,mutation_ZNF644
1032,mutation_ADAMTS3
1033,mutation_PPP1R9A
1034,mutation_PCDHGA12
1035,mutation_PTPRK
1036,mutation_ANKHD1
1037,mutation_PCDHB7
1038,mutation_NUP155
1039,mutation_CDHR2
1040,mutation_MYO1D
1041,mutation_DOPEY1
1042,mutation_BRCA1
1043,mutation_RLF
1044,mutation_EFCAB5
1045,mutation_COL21A1
1046,mutation_AK9
1047,mutation_A2ML1
1048,mutation_DPP10
1049,mutation_KNTC1
1050,mutation_ATP7B
1051,mutation_ZNF516
1052,mutation_SEMA5A
1053,mutation_GOLGA2
1054,mutation_USP42
1055,mutation_ROCK1
1056,mutation_CDH12
1057,mutation_DPYD
1058,mutation_RGS22
1059,mutation_NLRP12
1060,mutation_INADL
1061,mutation_ZC3H4
1062,mutation_ABCA10
1063,mutation_ABL2
1064,mutation_ADAMTS5
1065,mutation_GRIA1
1066,mutation_PDE1C
1067,mutation_DIP2A
1068,mutation_NTRK3
1069,mutation_IQGAP3
1070,mutation_WIZ
1071,mutation_AGL
1072,mutation_ERCC6
1073,mutation_PTPN23
1074,mutation_RPL22
1075,mutation_CNTN1
1076,mutation_PLEKHG4B
1077,mutation_COL6A1
1078,mutation_SNRNP200
1079,mutation_TRIP11
1080,mutation_ARHGAP33
1081,mutation_VWA3B
1082,mutation_FAM193A
1083,mutation_ADAMTS17
1084,mutation_MEGF6
1085,mutation_PNPLA6
1086,mutation_PHIP
1087,mutation_CD109
1088,mutation_ARID4A
1089,mutation_CADPS
1090,mutation_CILP2
1091,mutation_WRN
1092,mutation_TULP4
1093,mutation_PCDHA1
1094,mutation_GRID2
1095,mutation_CDK5RAP2
1096,mutation_TTLL5
1097,mutation_MAGI3
1098,mutation_DICER1
1099,mutation_PIK3CG
1100,mutation_SLIT1
1101,mutation_ARHGAP31
1102,mutation_MRC2
1103,mutation_PTPRU
1104,mutation_TIE1
1105,mutation_REXO1
1106,mutation_CENPC
1107,mutation_CEL
1108,mutation_IRS2
1109,mutation_ROBO3
1110,mutation_IQGAP2
1111,mutation_MIA3
1112,mutation_PRG4
1113,mutation_LUZP1
1114,mutation_PCDH19
1115,mutation_CLSTN2
1116,mutation_USP9X
1117,mutation_USP28
1118,mutation_NBR1
1119,mutation_EPRS
1120,mutation_NFATC1
1121,mutation_RPRD2
1122,mutation_SEZ6L
1123,mutation_CFH
1124,mutation_ITGAX
1125,mutation_TDRD15
1126,mutation_PCDHA10
1127,mutation_CHD2
1128,mutation_TDRD9
1129,mutation_LIFR
1130,mutation_UNC5C
1131,mutation_SLC4A8
1132,mutation_PLEKHH2
1133,mutation_NINL
1134,mutation_TTC21B
1135,mutation_MYO5A
1136,mutation_KANK1
1137,mutation_ADAMTS13
1138,mutation_PLEKHG3
1139,mutation_SHPRH
1140,mutation_ACVR2A
1141,mutation_PLEKHA7
1142,mutation_SBNO2
1143,mutation_DGKI
1144,mutation_MAN2A1
1145,mutation_CCDC39
1146,mutation_PCDHB8
1147,mutation_DDX60
1148,mutation_UNC13A
1149,mutation_C7
1150,mutation_FPGT-TNNI3K
1151,mutation_SEC24B
1152,mutation_GRM7
1153,mutation_C10orf112
1154,mutation_NLRP14
1155,mutation_KIAA0586
1156,mutation_TAF1
1157,mutation_PASK
1158,mutation_DNAJC13
1159,mutation_COL1A1
1160,mutation_FRMPD3
1161,mutation_TBC1D32
1162,mutation_PDZRN4
1163,mutation_GRIK3
1164,mutation_GAK
1165,mutation_CTDP1
1166,mutation_DBN1
1167,mutation_PDZRN3
1168,mutation_CDH18
1169,mutation_KIAA1324L
1170,mutation_EHBP1
1171,mutation_ANKFN1
1172,mutation_POM121
1173,mutation_ABCC3
1174,mutation_LAMB3
1175,mutation_CACNA2D4
1176,mutation_HEPH
1177,mutation_KIAA0100
1178,mutation_EPHB1
1179,mutation_TSHZ2
1180,mutation_ATAD2
1181,mutation_ZNF628
1182,mutation_NCAM2
1183,mutation_TRIM42
1184,mutation_MLH3
1185,mutation_GRIN3A
1186,mutation_PIKFYVE
1187,mutation_AMER3
1188,mutation_DENND3
1189,mutation_DUOX1
1190,mutation_RUSC2
1191,mutation_TMPRSS15
1192,mutation_DAPK1
1193,mutation_FRMPD1
1194,mutation_CDH20
1195,mutation_RPTOR
1196,mutation_GREB1L
1197,mutation_DPP6
1198,mutation_KCNU1
1199,mutation_C4orf21
1200,mutation_SCAND3
1201,mutation_CCDC141
1202,mutation_INCENP
1203,mutation_YEATS2
1204,mutation_KDM4B
1205,mutation_ZNF649
1206,mutation_NLRP10
1207,mutation_CCDC40
1208,mutation_ADAM29
1209,mutation_KIAA0556
1210,mutation_ADAMTS14
1211,mutation_MCF2
1212,mutation_DENND4B
1213,mutation_EPHB4
1214,mutation_ZBTB10
1215,mutation_KIF4B
1216,mutation_DENND4A
1217,mutation_PRKD1
1218,mutation_SORBS1
1219,mutation_RADIL
1220,mutation_CADPS2
1221,mutation_NPAT
1222,mutation_GRIK2
1223,mutation_ZP4
1224,mutation_CLASP2
1225,mutation_ANAPC1
1226,mutation_UMODL1
1227,mutation_BAZ2A
1228,mutation_UBR1
1229,mutation_MAN2B2
1230,mutation_KIF17
1231,mutation_LAMB1
1232,mutation_PPIP5K2
1233,mutation_TRPM8
1234,mutation_GBF1
1235,mutation_MSH3
1236,mutation_MYBBP1A
1237,mutation_TNIK
1238,mutation_KIAA1239
1239,mutation_KCNH5
1240,mutation_ARHGAP5
1241,mutation_CCDC180
1242,mutation_BRWD3
1243,mutation_ARHGAP23
1244,mutation_APBA1
1245,mutation_NRDE2
1246,mutation_UHRF1BP1L
1247,mutation_EHBP1L1
1248,mutation_CIITA
1249,mutation_CLASP1
1250,mutation_AEBP1
1251,mutation_ARHGAP30
1252,mutation_ITGA7
1253,mutation_WDR70
1254,mutation_KIAA0430
1255,mutation_SH3TC1
1256,mutation_TMC4
1257,mutation_SPATA31E1
1258,mutation_CASR
1259,mutation_PITPNM2
1260,mutation_NUP210L
1261,mutation_DLEC1
1262,mutation_RTL1
1263,mutation_AGAP2
1264,mutation_CILP
1265,mutation_ITSN2
1266,mutation_PRDM15
1267,mutation_MBD6
1268,mutation_CNTLN
1269,mutation_USP29
1270,mutation_CHD1
1271,mutation_CCDC88A
1272,mutation_BRIP1
1273,mutation_ZNF451
1274,mutation_ARMC4
1275,mutation_ENAH
1276,mutation_AATK
1277,mutation_MED13L
1278,mutation_PLXNC1
1279,mutation_MYT1
1280,mutation_ZFAT
1281,mutation_PCDH11X
1282,mutation_RALGAPA1
1283,mutation_LAMA4
1284,mutation_MYO5C
1285,mutation_CGN
1286,mutation_FSCB
1287,mutation_PLCB1
1288,mutation_PTPN14
1289,mutation_SLC4A7
1290,mutation_CWC22
1291,mutation_ARHGAP21
1292,mutation_CAMSAP3
1293,mutation_NFATC2
1294,mutation_CEP152
1295,mutation_SEMA6D
1296,mutation_THBS2
1297,mutation_ITGAM
1298,mutation_DDX54
1299,mutation_HGF
1300,mutation_DAAM2
1301,mutation_MED13
1302,mutation_ZNF616
1303,mutation_KIF14
1304,mutation_POM121C
1305,mutation_ZNF142
1306,mutation_QSER1
1307,mutation_PCDHB12
1308,mutation_LIMCH1
1309,mutation_ERBB3
1310,mutation_RLTPR
1311,mutation_ARHGEF26
1312,mutation_COL16A1
1313,mutation_DLG2
1314,mutation_XYLT1
1315,mutation_RAPGEF4
1316,mutation_ENAM
1317,mutation_BMPR2
1318,mutation_SLC12A1
1319,mutation_CACNA2D3
1320,mutation_DDX59
1321,mutation_OR8I2
1322,mutation_SLC8A3
1323,mutation_DSE
1324,mutation_MAP3K19
1325,mutation_BRD4
1326,mutation_CC2D2A
1327,mutation_EPHA8
1328,mutation_TECPR2
1329,mutation_CLTCL1
1330,mutation_CDH7
1331,mutation_ATP9B
1332,mutation_JAK1
1333,mutation_NLRP8
1334,mutation_ZC3H3
1335,mutation_GEMIN5
1336,mutation_HLA-G
1337,mutation_XYLT2
1338,mutation_RAPH1
1339,mutation_TLL1
1340,mutation_CTNNA3
1341,mutation_KANK4
1342,mutation_STXBP5L
1343,mutation_WNK3
1344,mutation_LRRIQ3
1345,mutation_KIDINS220
1346,mutation_ATP2B2
1347,mutation_NCAN
1348,mutation_TCERG1
1349,mutation_AKR1B15
1350,mutation_NID1
1351,mutation_ARHGAP35
1352,mutation_RB1CC1
1353,mutation_ABCC11
1354,mutation_PHLDB3
1355,mutation_TYK2
1356,mutation_PLCB3
1357,mutation_CHD3
1358,mutation_NPHS1
1359,mutation_ADAMTS1
1360,mutation_ARID5B
1361,mutation_WDR64
1362,mutation_MAST1
1363,mutation_ELAVL2
1364,mutation_NCAPD3
1365,mutation_MPHOSPH9
1366,mutation_FAM47B
1367,mutation_C8A
1368,mutation_CTNND1
1369,mutation_BTAF1
1370,mutation_ZNF862
1371,mutation_ZNF646
1372,mutation_KDM3B
1373,mutation_PLEKHA5
1374,mutation_NLRP2
1375,mutation_CNTN4
1376,mutation_ARPP21
1377,mutation_FCRL5
1378,mutation_IL16
1379,mutation_HEPHL1
1380,mutation_RUNX1T1
1381,mutation_KCNMA1
1382,mutation_EPHA10
1383,mutation_ATP8A2
1384,mutation_AQR
1385,mutation_PHLDB2
1386,mutation_MMRN1
1387,mutation_PCDHB16
1388,mutation_CDCA2
1389,mutation_ITPKB
1390,mutation_ARHGAP39
1391,mutation_KIF19
1392,mutation_PCDH8
1393,mutation_FMN1
1394,mutation_NLRP9
1395,mutation_CDH11
1396,mutation_PIGO
1397,mutation_ITSN1
1398,mutation_STK11
1399,mutation_WDR33
1400,mutation_NRIP1
1401,mutation_BNC2
1402,mutation_INSR
1403,mutation_TNS3
1404,mutation_TRERF1
1405,mutation_SLC9C1
1406,mutation_LRFN5
1407,mutation_UGGT1
1408,mutation_ITGA8
1409,mutation_NHSL1
1410,mutation_PCDHA6
1411,mutation_NEURL4
1412,mutation_CEP128
1413,mutation_ITIH5
1414,mutation_ZNF300
1415,mutation_DDX11
1416,mutation_IGSF9
1417,mutation_ELMO1
1418,mutation_SHROOM4
1419,mutation_CEP135
1420,mutation_PCM1
1421,mutation_TECPR1
1422,mutation_NELL2
1423,mutation_KTN1
1424,mutation_MET
1425,mutation_ARHGEF40
1426,mutation_CNTN3
1427,mutation_ZBED4
1428,mutation_DPAGT1
1429,mutation_ATP10D
1430,mutation_PCDHB6
1431,mutation_FAM47C
1432,mutation_ZNF189
1433,mutation_PRKCA
1434,mutation_STAG3
1435,mutation_RIN2
1436,mutation_ESF1
1437,mutation_ANKS1B
1438,mutation_BRINP2
1439,mutation_GPR124
1440,mutation_NRG3
1441,mutation_SHANK3
1442,mutation_BOC
1443,mutation_LRRCC1
1444,mutation_MYPN
1445,mutation_ZNF335
1446,mutation_PER2
1447,mutation_SLC4A3
1448,mutation_OGDHL
1449,mutation_TTC6
1450,mutation_AMER1
1451,mutation_LATS2
1452,mutation_CPD
1453,mutation_STAG2
1454,mutation_KRT3
1455,mutation_STK11IP
1456,mutation_PCDHA12
1457,mutation_TEX2
1458,mutation_ZBTB41
1459,mutation_CASKIN1
1460,mutation_UHRF1BP1
1461,mutation_SV2C
1462,mutation_TOPAZ1
1463,mutation_CYFIP1
1464,mutation_ALS2
1465,mutation_PHLDB1
1466,mutation_KIF13A
1467,mutation_PLB1
1468,mutation_VARS
1469,mutation_SETD5
1470,mutation_PARD3B
1471,mutation_KIF13B
1472,mutation_NACAD
1473,mutation_GOLGA8A
1474,mutation_ANLN
1475,mutation_SLITRK2
1476,mutation_PLEKHG2
1477,mutation_ATP8B4
1478,mutation_MAP3K9
1479,mutation_ANKRD31
1480,mutation_GUCY2C
1481,mutation_MUC3A
1482,mutation_SMC3
1483,mutation_IFT122
1484,mutation_FCRL3
1485,mutation_CLCN1
1486,mutation_CDH2
1487,mutation_NCAPD2
1488,mutation_TONSL
1489,mutation_RFC1
1490,mutation_KIAA1755
1491,mutation_MICALL2
1492,mutation_CCDC171
1493,mutation_MYRF
1494,mutation_RAD51AP2
1495,mutation_ESRP1
1496,mutation_PLXNB3
1497,mutation_AR
1498,mutation_FAM47A
1499,mutation_ABL1
1500,mutation_UBE4B
1501,mutation_ZMYM5
1502,mutation_C5
1503,mutation_ITIH6
1504,mutation_TIAM2
1505,mutation_FSTL4
1506,mutation_CDC42BPG
1507,mutation_NEK1
1508,mutation_FAM83B
1509,mutation_A2M
1510,mutation_FUK
1511,mutation_CASS4
1512,mutation_NLGN1
1513,mutation_ZBTB7C
1514,mutation_TBC1D4
1515,mutation_PROX1
1516,mutation_CAMSAP2
1517,mutation_NAALADL2
1518,mutation_MTMR4
1519,mutation_TDRD5
1520,mutation_INF2
1521,mutation_IFIH1
1522,mutation_KANSL1
1523,mutation_NRCAM
1524,mutation_BCL11A
1525,mutation_FGA
1526,mutation_SLC4A2
1527,mutation_USP19
1528,mutation_PLCB2
1529,mutation_PCDHB4
1530,mutation_PRPF8
1531,mutation_BAI1
1532,mutation_NPAS3
1533,mutation_TRAPPC8
1534,mutation_DIAPH3
1535,mutation_COPB1
1536,mutation_BTBD11
1537,mutation_FNIP1
1538,mutation_CORIN
1539,mutation_IQCA1
1540,mutation_NISCH
1541,mutation_FOLH1
1542,mutation_ACTN2
1543,mutation_GPRC6A
1544,mutation_EHMT1
1545,mutation_RBM20
1546,mutation_MIB2
1547,mutation_PTPN21
1548,mutation_MAPKBP1
1549,mutation_USP54
1550,mutation_MIS18BP1
1551,mutation_CCDC129
1552,mutation_ZMIZ1
1553,mutation_SENP5
1554,mutation_SYNM
1555,mutation_RSF1
1556,mutation_LRRC4C
1557,mutation_CNGB3
1558,mutation_BCAN
1559,mutation_FHAD1
1560,mutation_OR4M2
1561,mutation_VARS2
1562,mutation_CLSPN
1563,mutation_UGGT2
1564,mutation_AHI1
1565,mutation_ATRN
1566,mutation_FBLN2
1567,mutation_FZD10
1568,mutation_INTS2
1569,mutation_ANO2
1570,mutation_SYNPO2
1571,mutation_TMEM2
1572,mutation_ITGAE
1573,mutation_MYBPC3
1574,mutation_LRRC16A
1575,mutation_ATP8B3
1576,mutation_TMEM132B
1577,mutation_RAPGEF2
1578,mutation_BLM
1579,mutation_ABCB4
1580,mutation_EIF2AK3
1581,mutation_PARD3
1582,mutation_NOS2
1583,mutation_PTPRG
1584,mutation_ATP13A2
1585,mutation_OPLAH
1586,mutation_NCAM1
1587,mutation_FILIP1L
1588,mutation_PDGFRA
1589,mutation_SLC4A11
1590,mutation_TRPV4
1591,mutation_ITGAL
1592,mutation_ZBTB20
1593,mutation_PCDHB3
1594,mutation_PCDHGA6
1595,mutation_PXK
1596,mutation_PUS7L
1597,mutation_BCL9
1598,mutation_IQSEC3
1599,mutation_ABCB11
1600,mutation_GIGYF2
1601,mutation_KIAA0195
1602,mutation_COBLL1
1603,mutation_GPR149
1604,mutation_MYBPC1
1605,mutation_ITIH2
1606,mutation_HFM1
1607,mutation_MAPK8IP3
1608,mutation_DIP2B
1609,mutation_NOBOX
1610,mutation_ZSCAN10
1611,mutation_ANO3
1612,mutation_PTCHD3
1613,mutation_CR2
1614,mutation_NPHP4
1615,mutation_PCDHA5
1616,mutation_EIF2AK4
1617,mutation_RABGAP1L
1618,mutation_MAP3K1
1619,mutation_ZCCHC11
1620,mutation_ATAD2B
1621,mutation_ZNF541
1622,mutation_COL17A1
1623,mutation_KIF18B
1624,mutation_CDON
1625,mutation_DOCK11
1626,mutation_TRPM4
1627,mutation_CTNNB1
1628,mutation_KRT85
1629,mutation_CNTNAP3
1630,mutation_KIF16B
1631,mutation_CPED1
1632,mutation_NOL8
1633,mutation_WBSCR17
1634,mutation_RGAG1
1635,mutation_IGDCC4
1636,mutation_XPO4
1637,mutation_PASD1
1638,mutation_RASGRF1
1639,mutation_HIF1A
1640,mutation_TRPC4
1641,mutation_FLOT2
1642,mutation_KRT14
1643,mutation_AMOTL2
1644,mutation_MLK4
1645,mutation_PIK3R4
1646,mutation_BICC1
1647,mutation_STAT6
1648,mutation_FIGN
1649,mutation_OGFRL1
1650,mutation_KEL
1651,mutation_LCA5
1652,mutation_AKAP1
1653,mutation_LHCGR
1654,mutation_CLASRP
1655,mutation_PCDHA11
1656,mutation_RAPGEF6
1657,mutation_NOD2
1658,mutation_CUL7
1659,mutation_ZNF814
1660,mutation_WHSC1
1661,mutation_AQPEP
1662,mutation_BAZ1B
1663,mutation_DPCR1
1664,mutation_RRP12
1665,mutation_NPHP3
1666,mutation_PLIN4
1667,mutation_MORC1
1668,mutation_SLC9A4
1669,mutation_TRPM7
1670,mutation_SLC4A10
1671,mutation_TJP2
1672,mutation_AXDND1
1673,mutation_AKNA
1674,mutation_UBE2O
1675,mutation_MAML3
1676,mutation_ADCY2
1677,mutation_ITGA11
1678,mutation_AKAP11
1679,mutation_SEL1L3
1680,mutation_FOCAD
1681,mutation_HKDC1
1682,mutation_ANO8
1683,mutation_ZMYND8
1684,mutation_SH3BP4
1685,mutation_CSF2RB
1686,mutation_NYAP2
1687,mutation_MON2
1688,mutation_PPP1R13L
1689,mutation_VWA5B1
1690,mutation_PCF11
1691,mutation_KCNH4
1692,mutation_POM121L2
1693,mutation_FBRS
1694,mutation_ZMYM3
1695,mutation_ERMAP
1696,mutation_DCP1B
1697,mutation_ZRANB3
1698,mutation_ZBBX
1699,mutation_EPHA2
1700,mutation_FRMPD4
1701,mutation_TTBK1
1702,mutation_CYFIP2
1703,mutation_COL28A1
1704,mutation_GRID1
1705,mutation_LTBP4
1706,mutation_NLRP11
1707,mutation_USP32
1708,mutation_CRAMP1L
1709,mutation_ATP1A4
1710,mutation_ATP2B4
1711,mutation_ACIN1
1712,mutation_EMILIN3
1713,mutation_ANKRD50
1714,mutation_TBC1D9
1715,mutation_ZSCAN20
1716,mutation_KCNQ2
1717,mutation_RFX6
1718,mutation_RAD50
1719,mutation_CLIP1
1720,mutation_UBR3
1721,mutation_SALL2
1722,mutation_LATS1
1723,mutation_IKBKAP
1724,mutation_GRM3
1725,mutation_PCDHGA2
1726,mutation_CDHR1
1727,mutation_EIF4G3
1728,mutation_COPA
1729,mutation_ZC3H18
1730,mutation_KLHL1
1731,mutation_RNF43
1732,mutation_SUPT6H
1733,mutation_SLC29A4
1734,mutation_ARFGEF1
1735,mutation_EYA1
1736,mutation_PARP4
1737,mutation_TTC14
1738,mutation_FOXK1
1739,mutation_SYNJ1
1740,mutation_ZSWIM6
1741,mutation_PCDHB2
1742,mutation_C2orf78
1743,mutation_KIF27
1744,mutation_GLG1
1745,mutation_UBE3B
1746,mutation_ARVCF
1747,mutation_ABCC1
1748,mutation_SIK3
1749,mutation_CORO7
1750,mutation_REV1
1751,mutation_DDX3X
1752,mutation_DNMBP
1753,mutation_IQGAP1
1754,mutation_PFAS
1755,mutation_ZNF365
1756,mutation_GPR123
1757,mutation_GPR125
1758,mutation_PTPRO
1759,mutation_TOP2B
1760,mutation_TRHDE
1761,mutation_ZNF217
1762,mutation_IL1RL2
1763,mutation_SEMA5B
1764,mutation_PPFIA1
1765,mutation_SIN3B
1766,mutation_CEP164
1767,mutation_PCDHA2
1768,mutation_NOLC1
1769,mutation_CACNA2D1
1770,mutation_SLCO5A1
1771,mutation_KCNQ3
1772,mutation_LEPR
1773,mutation_RGS12
1774,mutation_CDH6
1775,mutation_GIGYF1
1776,mutation_SMC5
1777,mutation_TRAPPC12
1778,mutation_NEDD4
1779,mutation_FLT3
1780,mutation_CLTC
1781,mutation_TRPC7
1782,mutation_SYNE3
1783,mutation_SASH1
1784,mutation_USP6
1785,mutation_PCDHB10
1786,mutation_TSHZ1
1787,mutation_CCDC15
1788,mutation_EFCAB6
1789,mutation_NPC1L1
1790,mutation_POSTN
1791,mutation_PAXIP1
1792,mutation_MAP3K10
1793,mutation_SFMBT2
1794,mutation_PLCG1
1795,mutation_SUCO
1796,mutation_KDM3A
1797,mutation_ZNF618
1798,mutation_MPRIP
1799,mutation_SOS2
1800,mutation_RAG1
1801,mutation_LRRC9
1802,mutation_MGAT5B
1803,mutation_AGAP1
1804,mutation_PIK3C2A
1805,mutation_ARHGEF10L
1806,mutation_PCDHB5
1807,mutation_PCDH18
1808,mutation_NCOA1
1809,mutation_BBX
1810,mutation_ENPEP
1811,mutation_FRMPD2
1812,mutation_MME
1813,mutation_LAMC2
1814,mutation_PAPLN
1815,mutation_EPB41L1
1816,mutation_SEC31B
1817,mutation_CARD10
1818,mutation_PRTG
1819,mutation_IRS4
1820,mutation_BACH2
1821,mutation_ERCC6L
1822,mutation_KCND2
1823,mutation_SENP6
1824,mutation_ADAMTS15
1825,mutation_MLLT6
1826,mutation_NUP188
1827,mutation_WNK4
1828,mutation_PCDHA9
1829,mutation_SMC2
1830,mutation_BRD3
1831,mutation_TLR4
1832,mutation_ELMSAN1
1833,mutation_PARP14
1834,mutation_MMP16
1835,mutation_PHKB
1836,mutation_NHS
1837,mutation_MYBPC2
1838,mutation_FBF1
1839,mutation_GTF2IRD1
1840,mutation_HMHA1
1841,mutation_ZNF518B
1842,mutation_PTPRN
1843,mutation_OVCH1
1844,mutation_SARDH
1845,mutation_ARAP1
1846,mutation_RASAL2
1847,mutation_HPS3
1848,mutation_HIP1R
1849,mutation_CLCA1
1850,mutation_ROBO4
1851,mutation_ARHGEF2
1852,mutation_DENND2A
1853,mutation_TMTC2
1854,mutation_PTCH2
1855,mutation_KIAA0922
1856,mutation_KIT
1857,mutation_MAP1S
1858,mutation_TTK
1859,mutation_SPRY4
1860,mutation_UNC13D
1861,mutation_NUTM1
1862,mutation_L3MBTL4
1863,mutation_PCDH12
1864,mutation_SFSWAP
1865,mutation_GPR116
1866,mutation_LMBRD1
1867,mutation_CCDC73
1868,mutation_PDE3B
1869,mutation_CD93
1870,mutation_ZSWIM8
1871,mutation_ARHGEF12
1872,mutation_POU6F2
1873,mutation_CTCF
1874,mutation_ABCC4
1875,mutation_TBX3
1876,mutation_PKP4
1877,mutation_MLH1
1878,mutation_BCL11B
1879,mutation_ADAM22
1880,mutation_INPP5D
1881,mutation_PRX
1882,mutation_ZNF700
1883,mutation_MYOM3
1884,mutation_CALCR
1885,mutation_PNPLA7
1886,mutation_ADCY9
1887,mutation_TMEM132A
1888,mutation_AASS
1889,mutation_ITGA3
1890,mutation_SH3PXD2A
1891,mutation_DHX37
1892,mutation_AMPH
1893,mutation_ZNF43
1894,mutation_SOGA3
1895,mutation_SLFN11
1896,mutation_DGKB
1897,mutation_QRICH2
1898,mutation_CDH22
1899,mutation_DLX6
1900,mutation_MAP3K6
1901,mutation_ATP9A
1902,mutation_SYCP1
1903,mutation_ZDHHC23
1904,mutation_SNTG2
1905,mutation_TRPV6
1906,mutation_DGKZ
1907,mutation_IQSEC1
1908,mutation_AP3B1
1909,mutation_DNER
1910,mutation_CYLC1
1911,mutation_DSEL
1912,mutation_SPINK5
1913,mutation_PFKP
1914,mutation_ANO5
1915,mutation_CHTF18
1916,mutation_GRM6
1917,mutation_EPHA1
1918,mutation_SLCO6A1
1919,mutation_NUP153
1920,mutation_SMPD4
1921,mutation_TBCD
1922,mutation_BCR
1923,mutation_ARHGAP9
1924,mutation_DNMT3A
1925,mutation_WDR63
1926,mutation_GRIK1
1927,mutation_ZNF777
1928,mutation_ZMYM4
1929,mutation_ERC2
1930,mutation_ERBB2IP
1931,mutation_OFD1
1932,mutation_PLEKHH1
1933,mutation_CWF19L2
1934,mutation_ADAM7
1935,mutation_CDH1
1936,mutation_KIAA1210
1937,mutation_DGKQ
1938,mutation_LRRC16B
1939,mutation_LRRC37B
1940,mutation_MTR
1941,mutation_PLEKHG4
1942,mutation_CARD6
1943,mutation_ZNF729
1944,mutation_VANGL1
1945,mutation_SGOL2
1946,mutation_GAPVD1
1947,mutation_HHIPL2
1948,mutation_NRG1
1949,mutation_KIF6
1950,mutation_USP20
1951,mutation_PCDH1
1952,mutation_MORC4
1953,mutation_ROCK2
1954,mutation_CTC1
1955,mutation_DISP2
1956,mutation_PKN1
1957,mutation_ADAR
1958,mutation_PPFIA4
1959,mutation_RGPD3
1960,mutation_RPAP1
1961,mutation_EPB41L2
1962,mutation_AXL
1963,mutation_STK31
1964,mutation_NOX5
1965,mutation_GRIK4
1966,mutation_COL4A6
1967,mutation_EEA1
1968,mutation_USP31
1969,mutation_NEO1
1970,mutation_SLC9C2
1971,mutation_PALB2
1972,mutation_JAKMIP1
1973,mutation_GNPTAB
1974,mutation_NFE2L3
1975,mutation_PCDHGA8
1976,mutation_PHACTR2
1977,mutation_CPXM2
1978,mutation_SDHA
1979,mutation_LRPPRC
1980,mutation_TRIM67
1981,mutation_TAOK2
1982,mutation_MROH7
1983,mutation_SOBP
1984,mutation_USP40
1985,mutation_ATP12A
1986,mutation_NCKAP1L
1987,mutation_ERC1
1988,mutation_DDX10
1989,mutation_ARHGAP27
1990,mutation_MAPT
1991,mutation_PCDHGB3
1992,mutation_ATP1A2
1993,mutation_CCNB3
1994,mutation_ELFN1
1995,mutation_PGR
1996,mutation_RBM27
1997,mutation_FANCD2
1998,mutation_CD101
1999,mutation_PCDHA7
