,gscore_name
0,gene_effect_FAM69A
1,gene_effect_WDR1
2,gene_effect_NFIA
3,gene_effect_GTF2H5
4,gene_effect_LAPTM5
5,gene_effect_TKTL2
6,gene_effect_ZNF225
7,gene_effect_CALML3
8,gene_effect_INSL6
9,gene_effect_WDR90
10,gene_effect_MAB21L3
11,gene_effect_FER
12,gene_effect_LSM12
13,gene_effect_CDR2
14,gene_effect_FGF7
15,gene_effect_SPTA1
16,gene_effect_CADM1
17,gene_effect_NDUFS3
18,gene_effect_ZBTB17
19,gene_effect_RASL10A
20,gene_effect_PUDP
21,gene_effect_CCL13
22,gene_effect_GPR12
23,gene_effect_SCARA5
24,gene_effect_B9D1
25,gene_effect_OR2T34
26,gene_effect_UBN2
27,gene_effect_CHRM1
28,gene_effect_HOXA4
29,gene_effect_TLR7
30,gene_effect_SLC22A14
31,gene_effect_PNPLA8
32,gene_effect_CSNK1G3
33,gene_effect_KIAA0319
34,gene_effect_MED28
35,gene_effect_APLNR
36,gene_effect_IL3RA
37,gene_effect_LCTL
38,gene_effect_SLC9C2
39,gene_effect_NRAS
40,gene_effect_ARL10
41,gene_effect_PTPN7
42,gene_effect_ZNF18
43,gene_effect_RNF39
44,gene_effect_SERPINA10
45,gene_effect_PCF11
46,gene_effect_SH2D3A
47,gene_effect_PSMC2
48,gene_effect_BTBD16
49,gene_effect_COL5A3
50,gene_effect_DEFB126
51,gene_effect_ZSWIM4
52,gene_effect_DOK4
53,gene_effect_GCC2
54,gene_effect_OPRL1
55,gene_effect_TMPRSS3
56,gene_effect_FAM184A
57,gene_effect_C17orf99
58,gene_effect_FADS2
59,gene_effect_CHRM2
60,gene_effect_CNMD
61,gene_effect_NBPF11
62,gene_effect_FANCC
63,gene_effect_POTEE
64,gene_effect_TGM6
65,gene_effect_S100A5
66,gene_effect_HERC6
67,gene_effect_OR5AK2
68,gene_effect_CXorf58
69,gene_effect_CTSZ
70,gene_effect_AMPD3
71,gene_effect_APPBP2
72,gene_effect_PRRC2A
73,gene_effect_TBC1D22B
74,gene_effect_CFHR3
75,gene_effect_VRK2
76,gene_effect_GPR142
77,gene_effect_ABR
78,gene_effect_CYP2W1
79,gene_effect_MTMR11
80,gene_effect_OR51V1
81,gene_effect_AGGF1
82,gene_effect_WAC
83,gene_effect_XRCC5
84,gene_effect_MRAP
85,gene_effect_LCN1
86,gene_effect_OR8G5
87,gene_effect_DEFB123
88,gene_effect_BTBD6
89,gene_effect_GOT1L1
90,gene_effect_ACER1
91,gene_effect_LIG3
92,gene_effect_CPN2
93,gene_effect_RFESD
94,gene_effect_MAMDC2
95,gene_effect_COX4I2
96,gene_effect_OR52D1
97,gene_effect_C1orf94
98,gene_effect_SNRNP48
99,gene_effect_ENTPD4
100,gene_effect_PPIC
101,gene_effect_NARF
102,gene_effect_SKP1
103,gene_effect_OLIG1
104,gene_effect_GOLPH3
105,gene_effect_MSANTD1
106,gene_effect_CDCP2
107,gene_effect_ROMO1
108,gene_effect_PABPN1L
109,gene_effect_SEMA6B
110,gene_effect_KNCN
111,gene_effect_MOGAT2
112,gene_effect_LRRC1
113,gene_effect_NIPAL3
114,gene_effect_KCNJ11
115,gene_effect_METTL6
116,gene_effect_FFAR3
117,gene_effect_MOSMO
118,gene_effect_TEK
119,gene_effect_USP45
120,gene_effect_FAM53B
121,gene_effect_FAM168B
122,gene_effect_RAB21
123,gene_effect_GHR
124,gene_effect_YIPF7
125,gene_effect_MXRA5
126,gene_effect_GPR156
127,gene_effect_NRP2
128,gene_effect_PKD2
129,gene_effect_DEFB132
130,gene_effect_SIKE1
131,gene_effect_NECAP1
132,gene_effect_DMAC1
133,gene_effect_ANKHD1
134,gene_effect_MICU1
135,gene_effect_WASF2
136,gene_effect_GRIN2A
137,gene_effect_CSNK2A1
138,gene_effect_PRKCB
139,gene_effect_SLC7A14
140,gene_effect_RASGEF1B
141,gene_effect_CCR4
142,gene_effect_ASAP1
143,gene_effect_BOLL
144,gene_effect_RP1L1
145,gene_effect_CSMD1
146,gene_effect_PLTP
147,gene_effect_MAP3K1
148,gene_effect_DEPP1
149,gene_effect_AGPAT1
150,gene_effect_SOS1
151,gene_effect_CNPPD1
152,gene_effect_ALG3
153,gene_effect_RBBP7
154,gene_effect_LRRC40
155,gene_effect_KCTD2
156,gene_effect_PLP1
157,gene_effect_SLC38A5
158,gene_effect_CD47
159,gene_effect_C11orf68
160,gene_effect_ERMAP
161,gene_effect_KDELR1
162,gene_effect_HMGXB3
163,gene_effect_PYGL
164,gene_effect_MFAP3L
165,gene_effect_TCP11
166,gene_effect_PFDN6
167,gene_effect_PIH1D2
168,gene_effect_COPS4
169,gene_effect_NLRC5
170,gene_effect_MAGEA12
171,gene_effect_ZNF404
172,gene_effect_NRTN
173,gene_effect_SLC51A
174,gene_effect_CLCC1
175,gene_effect_ANXA4
176,gene_effect_EEF1AKMT3
177,gene_effect_ADH6
178,gene_effect_ELP5
179,gene_effect_POP5
180,gene_effect_BTG4
181,gene_effect_KRT76
182,gene_effect_FLG2
183,gene_effect_TSPAN6
184,gene_effect_KLRC3
185,gene_effect_RAD9A
186,gene_effect_OR51F2
187,gene_effect_KCNJ8
188,gene_effect_GIPC1
189,gene_effect_ARGFX
190,gene_effect_XBP1
191,gene_effect_EBF4
192,gene_effect_TNIP3
193,gene_effect_SULT1C4
194,gene_effect_CCL1
195,gene_effect_LPCAT2
196,gene_effect_PAX6
197,gene_effect_LRRC72
198,gene_effect_ANKRD23
199,gene_effect_EFCAB2
200,gene_effect_IGFBP6
201,gene_effect_LYRM4
202,gene_effect_AAK1
203,gene_effect_USP48
204,gene_effect_BTAF1
205,gene_effect_THEGL
206,gene_effect_BCOR
207,gene_effect_KRBA2
208,gene_effect_CHMP1B
209,gene_effect_B3GLCT
210,gene_effect_UBASH3B
211,gene_effect_ALDH5A1
212,gene_effect_RAB6B
213,gene_effect_HMGCL
214,gene_effect_KLRC2
215,gene_effect_ITSN1
216,gene_effect_GLRA3
217,gene_effect_CCDC22
218,gene_effect_STK24
219,gene_effect_CEP55
220,gene_effect_UGT1A1
221,gene_effect_ASCL3
222,gene_effect_MAGEB2
223,gene_effect_NHLRC3
224,gene_effect_CCL22
225,gene_effect_RALBP1
226,gene_effect_NUBP2
227,gene_effect_DEPDC5
228,gene_effect_PRSS55
229,gene_effect_GRTP1
230,gene_effect_NFYB
231,gene_effect_ZP4
232,gene_effect_MCOLN2
233,gene_effect_FHL3
234,gene_effect_C4orf45
235,gene_effect_DCAF10
236,gene_effect_PADI1
237,gene_effect_KCNK7
238,gene_effect_C10orf55
239,gene_effect_C10orf82
240,gene_effect_KRTAP2-4
241,gene_effect_GFI1B
242,gene_effect_LRRC57
243,gene_effect_TRIM9
244,gene_effect_PLSCR4
245,gene_effect_CC2D1A
246,gene_effect_DYNLRB2
247,gene_effect_IRS1
248,gene_effect_DCAF16
249,gene_effect_TESK1
250,gene_effect_CYP2B6
251,gene_effect_APBB3
252,gene_effect_ACTR10
253,gene_effect_E2F5
254,gene_effect_SLC39A5
255,gene_effect_RMC1
256,gene_effect_IKZF4
257,gene_effect_AMOTL1
258,gene_effect_VAT1L
259,gene_effect_TFAP4
260,gene_effect_SPOCK1
261,gene_effect_CASC1
262,gene_effect_PCDH18
263,gene_effect_NDUFA4
264,gene_effect_SKA3
265,gene_effect_HIF3A
266,gene_effect_PRR14
267,gene_effect_IHH
268,gene_effect_CFHR5
269,gene_effect_TAS2R19
270,gene_effect_CDK5R1
271,gene_effect_LITAF
272,gene_effect_OR56A3
273,gene_effect_RASGRF1
274,gene_effect_AP2B1
275,gene_effect_H1FOO
276,gene_effect_XPR1
277,gene_effect_YY1AP1
278,gene_effect_SNCB
279,gene_effect_ARFRP1
280,gene_effect_PKIB
281,gene_effect_CRLF3
282,gene_effect_PNOC
283,gene_effect_ZNF839
284,gene_effect_NCR1
285,gene_effect_OSER1
286,gene_effect_SLC16A7
287,gene_effect_CWC25
288,gene_effect_OR51S1
289,gene_effect_ARHGEF26
290,gene_effect_SLC24A5
291,gene_effect_IDI2
292,gene_effect_ZNF584
293,gene_effect_AP3S2
294,gene_effect_GPRC5C
295,gene_effect_SUMO1
296,gene_effect_RNF168
297,gene_effect_QSER1
298,gene_effect_SGMS1
299,gene_effect_BEX5
300,gene_effect_CALHM3
301,gene_effect_GLUD2
302,gene_effect_TMEM253
303,gene_effect_SLC22A4
304,gene_effect_FZD5
305,gene_effect_GABBR1
306,gene_effect_KRTAP25-1
307,gene_effect_SDE2
308,gene_effect_LRRC8B
309,gene_effect_DUSP22
310,gene_effect_C1orf54
311,gene_effect_UBA3
312,gene_effect_TMEM98
313,gene_effect_IFIT5
314,gene_effect_DPY19L1
315,gene_effect_CSN1S1
316,gene_effect_FRMD1
317,gene_effect_OR11H12
318,gene_effect_E2F6
319,gene_effect_C12orf71
320,gene_effect_STATH
321,gene_effect_ZNF426
322,gene_effect_KRTAP4-3
323,gene_effect_MAPKBP1
324,gene_effect_TSEN34
325,gene_effect_SERPINA9
326,gene_effect_FSD2
327,gene_effect_TMEM258
328,gene_effect_LHX1
329,gene_effect_C20orf144
330,gene_effect_SYNPO2L
331,gene_effect_NOSTRIN
332,gene_effect_PYM1
333,gene_effect_ABHD5
334,gene_effect_TUBA1C
335,gene_effect_S100A12
336,gene_effect_RIMS4
337,gene_effect_RPUSD1
338,gene_effect_LAIR2
339,gene_effect_FYB1
340,gene_effect_ATP13A2
341,gene_effect_PSG2
342,gene_effect_TBKBP1
343,gene_effect_FAT1
344,gene_effect_JCHAIN
345,gene_effect_ZNF568
346,gene_effect_ZBTB4
347,gene_effect_ITPR3
348,gene_effect_UGT2A3
349,gene_effect_PLEKHS1
350,gene_effect_KLHL42
351,gene_effect_SLIT1
352,gene_effect_TUBA3E
353,gene_effect_LMF1
354,gene_effect_OR6V1
355,gene_effect_USP42
356,gene_effect_DCP1B
357,gene_effect_LANCL1
358,gene_effect_TCTN1
359,gene_effect_UBR5
360,gene_effect_PBLD
361,gene_effect_GALR2
362,gene_effect_GHITM
363,gene_effect_NDNF
364,gene_effect_CBX7
365,gene_effect_TRIP10
366,gene_effect_GMCL1
367,gene_effect_ARF3
368,gene_effect_MTCP1
369,gene_effect_KLHL10
370,gene_effect_TEX101
371,gene_effect_IRF9
372,gene_effect_LIFR
373,gene_effect_RCSD1
374,gene_effect_SNX13
375,gene_effect_MOS
376,gene_effect_DYNC1LI1
377,gene_effect_EAPP
378,gene_effect_ZNF620
379,gene_effect_DPEP1
380,gene_effect_PLXNA1
381,gene_effect_TARS
382,gene_effect_FBXL12
383,gene_effect_DCTN5
384,gene_effect_CDC42SE2
385,gene_effect_IGBP1
386,gene_effect_ZNF415
387,gene_effect_TMIGD2
388,gene_effect_PRTG
389,gene_effect_CERS2
390,gene_effect_H3F3B
391,gene_effect_DRICH1
392,gene_effect_ZNF440
393,gene_effect_S100A11
394,gene_effect_CES2
395,gene_effect_ECI1
396,gene_effect_CTSO
397,gene_effect_LANCL2
398,gene_effect_ANKRD34B
399,gene_effect_TUBB
400,gene_effect_CLDN7
401,gene_effect_PLPP1
402,gene_effect_LGALS7
403,gene_effect_SPTY2D1
404,gene_effect_VEZT
405,gene_effect_ENKUR
406,gene_effect_PTMS
407,gene_effect_PCDH11X
408,gene_effect_DPH6
409,gene_effect_TYW5
410,gene_effect_SOX12
411,gene_effect_ARHGAP26
412,gene_effect_SLC41A1
413,gene_effect_RPS6KB2
414,gene_effect_GPR176
415,gene_effect_CYP2A7
416,gene_effect_RSPH4A
417,gene_effect_DEUP1
418,gene_effect_MRPL3
419,gene_effect_CREM
420,gene_effect_PLA2G2A
421,gene_effect_CADM2
422,gene_effect_C9orf129
423,gene_effect_RNASE2
424,gene_effect_CLN5
425,gene_effect_INTS4
426,gene_effect_S100A6
427,gene_effect_NEUROD1
428,gene_effect_AKR1C2
429,gene_effect_ZNF300
430,gene_effect_NR0B1
431,gene_effect_RHCG
432,gene_effect_TRIP11
433,gene_effect_PRKACG
434,gene_effect_LGALS3BP
435,gene_effect_HMGN5
436,gene_effect_OR6B3
437,gene_effect_APOOL
438,gene_effect_HNRNPCL1
439,gene_effect_IMMT
440,gene_effect_CASC4
441,gene_effect_ALDH9A1
442,gene_effect_ABRACL
443,gene_effect_CCNY
444,gene_effect_OR14C36
445,gene_effect_KRT79
446,gene_effect_NFXL1
447,gene_effect_GABRD
448,gene_effect_FOXG1
449,gene_effect_RCE1
450,gene_effect_PPIG
451,gene_effect_SLC5A9
452,gene_effect_ANXA5
453,gene_effect_MRPL4
454,gene_effect_TMPRSS11A
455,gene_effect_TEX15
456,gene_effect_GNPTG
457,gene_effect_MED6
458,gene_effect_KCNJ15
459,gene_effect_LRRC55
460,gene_effect_CUX1
461,gene_effect_ITGB4
462,gene_effect_MAD1L1
463,gene_effect_MGRN1
464,gene_effect_GPR35
465,gene_effect_AK5
466,gene_effect_TRAF3IP3
467,gene_effect_COA5
468,gene_effect_CNTNAP4
469,gene_effect_GLS2
470,gene_effect_ZNF385A
471,gene_effect_PRKCH
472,gene_effect_SBF2
473,gene_effect_CPA1
474,gene_effect_CNOT11
475,gene_effect_TPRG1
476,gene_effect_ALG5
477,gene_effect_TUSC3
478,gene_effect_RBKS
479,gene_effect_AGL
480,gene_effect_CTAGE1
481,gene_effect_NFAT5
482,gene_effect_R3HCC1L
483,gene_effect_SLC8B1
484,gene_effect_OR8H2
485,gene_effect_ATP9B
486,gene_effect_MASP1
487,gene_effect_CEP250
488,gene_effect_EDEM3
489,gene_effect_TEKT3
490,gene_effect_CDK18
491,gene_effect_ALAS1
492,gene_effect_BMS1
493,gene_effect_MAGEB17
494,gene_effect_XAGE3
495,gene_effect_WBP2NL
496,gene_effect_PSMA2
497,gene_effect_GABRP
498,gene_effect_PDCD2L
499,gene_effect_TUBGCP4
500,gene_effect_CSF3R
501,gene_effect_ART5
502,gene_effect_SEMG2
503,gene_effect_ZNF280D
504,gene_effect_SMURF1
505,gene_effect_ZNF7
506,gene_effect_GPR20
507,gene_effect_RIN3
508,gene_effect_KIF19
509,gene_effect_SAMHD1
510,gene_effect_HIST2H4B
511,gene_effect_FUT5
512,gene_effect_KLHL31
513,gene_effect_SH2D1B
514,gene_effect_ZNF776
515,gene_effect_OSBPL9
516,gene_effect_PHAX
517,gene_effect_LMO4
518,gene_effect_BASP1
519,gene_effect_NAE1
520,gene_effect_PCDHB15
521,gene_effect_CYP3A5
522,gene_effect_C2orf16
523,gene_effect_SYCP2
524,gene_effect_PGRMC1
525,gene_effect_ECI2
526,gene_effect_SULT1C3
527,gene_effect_ZSCAN4
528,gene_effect_FAM166B
529,gene_effect_CALHM2
530,gene_effect_RIPOR1
531,gene_effect_B2M
532,gene_effect_CCNE1
533,gene_effect_CALB2
534,gene_effect_HRH1
535,gene_effect_ZNF131
536,gene_effect_TAF1C
537,gene_effect_CD40LG
538,gene_effect_IRAK2
539,gene_effect_GYPA
540,gene_effect_PCDHA5
541,gene_effect_OR8S1
542,gene_effect_COMMD3
543,gene_effect_OR2L5
544,gene_effect_RNASE6
545,gene_effect_OR7G3
546,gene_effect_WNT3A
547,gene_effect_PDE12
548,gene_effect_CCDC102B
549,gene_effect_CXorf40A
550,gene_effect_NAGS
551,gene_effect_ZCCHC12
552,gene_effect_ARID2
553,gene_effect_LRRTM2
554,gene_effect_L3MBTL3
555,gene_effect_PGM1
556,gene_effect_ZIC5
557,gene_effect_CAV2
558,gene_effect_GRIK5
559,gene_effect_PNKP
560,gene_effect_TBC1D21
561,gene_effect_TNFSF14
562,gene_effect_GLB1L3
563,gene_effect_PCNX3
564,gene_effect_LAMB4
565,gene_effect_STRN4
566,gene_effect_CHFR
567,gene_effect_LMNB2
568,gene_effect_TRIM48
569,gene_effect_STK16
570,gene_effect_PDLIM5
571,gene_effect_ARMCX6
572,gene_effect_PVR
573,gene_effect_ZNF318
574,gene_effect_SFMBT2
575,gene_effect_ACKR3
576,gene_effect_ACP5
577,gene_effect_RMND5A
578,gene_effect_PRDX1
579,gene_effect_JAM3
580,gene_effect_EXOC6
581,gene_effect_MBLAC1
582,gene_effect_CC2D2B
583,gene_effect_ZFHX3
584,gene_effect_LVRN
585,gene_effect_GRIK1
586,gene_effect_EN2
587,gene_effect_SAMD5
588,gene_effect_LETM2
589,gene_effect_CSF1R
590,gene_effect_RABL6
591,gene_effect_MS4A15
592,gene_effect_MORC4
593,gene_effect_KXD1
594,gene_effect_ABCA2
595,gene_effect_ADRB2
596,gene_effect_RPS20
597,gene_effect_FZD3
598,gene_effect_XKR7
599,gene_effect_SLC22A6
600,gene_effect_ANXA1
601,gene_effect_RWDD3
602,gene_effect_ELOB
603,gene_effect_PLEKHG3
604,gene_effect_LRRD1
605,gene_effect_GYPE
606,gene_effect_ALAD
607,gene_effect_RIBC1
608,gene_effect_TOR1AIP1
609,gene_effect_KRTAP8-1
610,gene_effect_FAM208A
611,gene_effect_NLRX1
612,gene_effect_PCDHGA2
613,gene_effect_CAPZA2
614,gene_effect_FAM20B
615,gene_effect_OR4D2
616,gene_effect_C9orf16
617,gene_effect_OR52E8
618,gene_effect_ADAMTS6
619,gene_effect_SGCB
620,gene_effect_UBE2S
621,gene_effect_ZNF81
622,gene_effect_ARMH4
623,gene_effect_POLR1A
624,gene_effect_HTR3E
625,gene_effect_DHRS12
626,gene_effect_KLK10
627,gene_effect_CNTD1
628,gene_effect_PUS7
629,gene_effect_IFNE
630,gene_effect_RPSA
631,gene_effect_BAHD1
632,gene_effect_ANXA13
633,gene_effect_IFI27L2
634,gene_effect_SFXN3
635,gene_effect_FBXO7
636,gene_effect_ZGLP1
637,gene_effect_KIF1BP
638,gene_effect_REG1B
639,gene_effect_EMC8
640,gene_effect_ATP5MC3
641,gene_effect_DEFB107B
642,gene_effect_UPF2
643,gene_effect_STK32C
644,gene_effect_SULT1E1
645,gene_effect_ZBTB10
646,gene_effect_MSL2
647,gene_effect_ANKRA2
648,gene_effect_UHRF1BP1L
649,gene_effect_SPAG7
650,gene_effect_RXFP3
651,gene_effect_ANKRD46
652,gene_effect_PIWIL4
653,gene_effect_HYAL1
654,gene_effect_C3orf67
655,gene_effect_GPR161
656,gene_effect_NUP214
657,gene_effect_ABHD6
658,gene_effect_EFNB1
659,gene_effect_FAT4
660,gene_effect_FAXDC2
661,gene_effect_NUDT15
662,gene_effect_ZNF292
663,gene_effect_KRTAP4-2
664,gene_effect_GJD2
665,gene_effect_IL6
666,gene_effect_C14orf177
667,gene_effect_DYNC2LI1
668,gene_effect_NR5A2
669,gene_effect_NCAPG
670,gene_effect_RCOR2
671,gene_effect_HOXA3
672,gene_effect_RBMXL3
673,gene_effect_CERCAM
674,gene_effect_RALB
675,gene_effect_CLUAP1
676,gene_effect_PROSER1
677,gene_effect_FA2H
678,gene_effect_RNF2
679,gene_effect_PXDNL
680,gene_effect_LRRC45
681,gene_effect_KCTD4
682,gene_effect_CACNG5
683,gene_effect_TPT1
684,gene_effect_RBL1
685,gene_effect_ZKSCAN7
686,gene_effect_YIF1A
687,gene_effect_CPXM1
688,gene_effect_TBPL1
689,gene_effect_PEG10
690,gene_effect_GPN1
691,gene_effect_RITA1
692,gene_effect_PIK3IP1
693,gene_effect_C1orf174
694,gene_effect_SPTLC2
695,gene_effect_PROB1
696,gene_effect_AMOT
697,gene_effect_CNOT8
698,gene_effect_RFTN1
699,gene_effect_BICDL2
700,gene_effect_PCDHA9
701,gene_effect_ARMC9
702,gene_effect_VEGFA
703,gene_effect_ADCY10
704,gene_effect_BVES
705,gene_effect_C19orf67
706,gene_effect_TAOK2
707,gene_effect_OR10Q1
708,gene_effect_CEACAM4
709,gene_effect_C1orf127
710,gene_effect_DENND2C
711,gene_effect_BEST2
712,gene_effect_S100A3
713,gene_effect_HAVCR1
714,gene_effect_NPBWR2
715,gene_effect_SCN2A
716,gene_effect_GABPB2
717,gene_effect_KIAA0754
718,gene_effect_MAST2
719,gene_effect_VANGL2
720,gene_effect_CFAP221
721,gene_effect_SYNRG
722,gene_effect_COMMD2
723,gene_effect_CNR2
724,gene_effect_RAD17
725,gene_effect_JAKMIP2
726,gene_effect_RESP18
727,gene_effect_SSTR5
728,gene_effect_TBK1
729,gene_effect_CSKMT
730,gene_effect_TMEM239
731,gene_effect_MBD5
732,gene_effect_TMEM160
733,gene_effect_FFAR2
734,gene_effect_CASR
735,gene_effect_BRWD3
736,gene_effect_SCAP
737,gene_effect_WNT2
738,gene_effect_KDM4B
739,gene_effect_TMSB4X
740,gene_effect_CCDC115
741,gene_effect_HMX1
742,gene_effect_GEMIN7
743,gene_effect_ROR2
744,gene_effect_MTMR12
745,gene_effect_IQCG
746,gene_effect_TRPM2
747,gene_effect_GFPT1
748,gene_effect_FUT9
749,gene_effect_LRRC2
750,gene_effect_OLIG2
751,gene_effect_FOXP3
752,gene_effect_HELZ2
753,gene_effect_ZC3H12B
754,gene_effect_ZW10
755,gene_effect_WDR54
756,gene_effect_SPPL2A
757,gene_effect_HOXA9
758,gene_effect_MEAF6
759,gene_effect_SNIP1
760,gene_effect_BAG2
761,gene_effect_MAPKAP1
762,gene_effect_SMARCA4
763,gene_effect_FLT3LG
764,gene_effect_HSPH1
765,gene_effect_KRTAP10-7
766,gene_effect_APBA3
767,gene_effect_RALGAPA1
768,gene_effect_POP4
769,gene_effect_CSTL1
770,gene_effect_CCDC125
771,gene_effect_SURF1
772,gene_effect_HNRNPA2B1
773,gene_effect_TK2
774,gene_effect_ASB17
775,gene_effect_C12orf66
776,gene_effect_NUDT9
777,gene_effect_NSUN3
778,gene_effect_GCLC
779,gene_effect_CENPE
780,gene_effect_MIPEP
781,gene_effect_SSH1
782,gene_effect_CA7
783,gene_effect_ENKD1
784,gene_effect_HMBS
785,gene_effect_SRCIN1
786,gene_effect_CIART
787,gene_effect_B3GALT1
788,gene_effect_DUSP7
789,gene_effect_PINLYP
790,gene_effect_PLXDC1
791,gene_effect_BARX1
792,gene_effect_BTLA
793,gene_effect_ARSE
794,gene_effect_CCRL2
795,gene_effect_SMARCD2
796,gene_effect_TSR2
797,gene_effect_OR51L1
798,gene_effect_ZNF644
799,gene_effect_CD300A
800,gene_effect_EDRF1
801,gene_effect_ADM2
802,gene_effect_AFF4
803,gene_effect_RHOT1
804,gene_effect_DERL3
805,gene_effect_KIAA1755
806,gene_effect_SRPX
807,gene_effect_CDYL
808,gene_effect_HTRA3
809,gene_effect_SEMA6C
810,gene_effect_GABPA
811,gene_effect_ASB18
812,gene_effect_NLRP12
813,gene_effect_ALG14
814,gene_effect_ACMSD
815,gene_effect_KLHDC3
816,gene_effect_XAB2
817,gene_effect_BAIAP2L1
818,gene_effect_MMP10
819,gene_effect_ZFAND1
820,gene_effect_ANAPC13
821,gene_effect_ITGAD
822,gene_effect_P2RY4
823,gene_effect_GPR141
824,gene_effect_PCDHGB3
825,gene_effect_PER2
826,gene_effect_TFAP2B
827,gene_effect_MTURN
828,gene_effect_PRAMEF10
829,gene_effect_TRIM10
830,gene_effect_PCDHB4
831,gene_effect_NPHP4
832,gene_effect_KDSR
833,gene_effect_TAF3
834,gene_effect_CCNDBP1
835,gene_effect_FBXL15
836,gene_effect_SCAMP3
837,gene_effect_TNRC6B
838,gene_effect_FAM208B
839,gene_effect_PIK3R4
840,gene_effect_AKAP14
841,gene_effect_BMX
842,gene_effect_C9orf78
843,gene_effect_POM121L12
844,gene_effect_ZNF660
845,gene_effect_CDA
846,gene_effect_KLHL7
847,gene_effect_NEURL1
848,gene_effect_SH3RF1
849,gene_effect_WARS
850,gene_effect_PIAS2
851,gene_effect_FAM228A
852,gene_effect_HEG1
853,gene_effect_PNN
854,gene_effect_ZSCAN2
855,gene_effect_GPC2
856,gene_effect_OR5K4
857,gene_effect_ADGRE3
858,gene_effect_BTBD10
859,gene_effect_MXD1
860,gene_effect_OR7G1
861,gene_effect_CARD8
862,gene_effect_YME1L1
863,gene_effect_TACR1
864,gene_effect_GSTM5
865,gene_effect_CA3
866,gene_effect_ZNF417
867,gene_effect_PROM1
868,gene_effect_SLC2A2
869,gene_effect_MYCBPAP
870,gene_effect_TXNDC16
871,gene_effect_ADPGK
872,gene_effect_MARVELD3
873,gene_effect_POLL
874,gene_effect_GFM1
875,gene_effect_GRK7
876,gene_effect_KIF21A
877,gene_effect_G0S2
878,gene_effect_METRN
879,gene_effect_MICAL3
880,gene_effect_KAT5
881,gene_effect_CRISPLD1
882,gene_effect_PRKCZ
883,gene_effect_SPEG
884,gene_effect_HP
885,gene_effect_PIGK
886,gene_effect_ULK1
887,gene_effect_OR4P4
888,gene_effect_SOCS7
889,gene_effect_MEIOC
890,gene_effect_OCA2
891,gene_effect_RUSC1
892,gene_effect_NOTCH3
893,gene_effect_NOP14
894,gene_effect_SIM1
895,gene_effect_MBNL3
896,gene_effect_RNF165
897,gene_effect_ZNF195
898,gene_effect_OSBPL1A
899,gene_effect_CTXN2
900,gene_effect_RANBP10
901,gene_effect_CFAP157
902,gene_effect_LYSMD3
903,gene_effect_C5orf24
904,gene_effect_UNG
905,gene_effect_PTH
906,gene_effect_CELF5
907,gene_effect_TMEM68
908,gene_effect_RASSF7
909,gene_effect_B4GALT1
910,gene_effect_RAPGEF5
911,gene_effect_MEGF11
912,gene_effect_GBP5
913,gene_effect_KRT6C
914,gene_effect_RALY
915,gene_effect_DSCAM
916,gene_effect_GZMK
917,gene_effect_UFC1
918,gene_effect_NXF2
919,gene_effect_FUZ
920,gene_effect_TPGS1
921,gene_effect_LYN
922,gene_effect_ZMYND11
923,gene_effect_VTCN1
924,gene_effect_NDRG2
925,gene_effect_DLX3
926,gene_effect_TBP
927,gene_effect_OR2B2
928,gene_effect_C14orf93
929,gene_effect_NEXMIF
930,gene_effect_CXCL6
931,gene_effect_SLC25A2
932,gene_effect_OR6N1
933,gene_effect_EVL
934,gene_effect_OR7C2
935,gene_effect_KRT33B
936,gene_effect_MYRF
937,gene_effect_PSMB5
938,gene_effect_PTH2R
939,gene_effect_RNF13
940,gene_effect_TMEM37
941,gene_effect_NEUROG1
942,gene_effect_SPATA5
943,gene_effect_FAM92A
944,gene_effect_DNALI1
945,gene_effect_NAA80
946,gene_effect_ABCA5
947,gene_effect_HTR1F
948,gene_effect_ARHGAP18
949,gene_effect_C11orf52
950,gene_effect_ARMC4
951,gene_effect_INTS12
952,gene_effect_TMEM150A
953,gene_effect_TCP11X2
954,gene_effect_SPATA31A1
955,gene_effect_OR7A10
956,gene_effect_KRTCAP2
957,gene_effect_PLSCR1
958,gene_effect_HEYL
959,gene_effect_MARVELD2
960,gene_effect_SH2B3
961,gene_effect_METTL21C
962,gene_effect_ECT2L
963,gene_effect_AKAP13
964,gene_effect_CCDC83
965,gene_effect_GALNT16
966,gene_effect_RNF141
967,gene_effect_SCAI
968,gene_effect_PGLYRP3
969,gene_effect_GTF3C1
970,gene_effect_PIK3C2A
971,gene_effect_PYGB
972,gene_effect_DPY30
973,gene_effect_PRMT1
974,gene_effect_RIOX2
975,gene_effect_ZYX
976,gene_effect_PNMA3
977,gene_effect_SCGB1C1
978,gene_effect_ERP29
979,gene_effect_SMARCC1
980,gene_effect_SLC16A8
981,gene_effect_MYRIP
982,gene_effect_CYP1B1
983,gene_effect_ZSCAN10
984,gene_effect_STK33
985,gene_effect_HIST3H3
986,gene_effect_ASIC5
987,gene_effect_TYRO3
988,gene_effect_HSPB8
989,gene_effect_DHRS4L2
990,gene_effect_RMDN2
991,gene_effect_EFCAB14
992,gene_effect_IER5
993,gene_effect_SHISA3
994,gene_effect_NBEA
995,gene_effect_IL1RN
996,gene_effect_EEF2KMT
997,gene_effect_SPP2
998,gene_effect_GATM
999,gene_effect_CLDN19
1000,gene_effect_CIAO2B
1001,gene_effect_RSAD2
1002,gene_effect_PCYOX1L
1003,gene_effect_ZNF408
1004,gene_effect_CDC37L1
1005,gene_effect_WDR17
1006,gene_effect_SERPINC1
1007,gene_effect_KCTD19
1008,gene_effect_ZNF750
1009,gene_effect_LIPE
1010,gene_effect_IL27RA
1011,gene_effect_LOR
1012,gene_effect_HEATR6
1013,gene_effect_CALB1
1014,gene_effect_AADACL3
1015,gene_effect_RGL4
1016,gene_effect_CHMP2B
1017,gene_effect_DYNLL2
1018,gene_effect_KCTD15
1019,gene_effect_GAK
1020,gene_effect_IGSF9B
1021,gene_effect_COMMD10
1022,gene_effect_PHTF2
1023,gene_effect_SLC15A3
1024,gene_effect_HIVEP1
1025,gene_effect_S1PR2
1026,gene_effect_TAPT1
1027,gene_effect_SLC1A5
1028,gene_effect_RIIAD1
1029,gene_effect_ZNF724
1030,gene_effect_TAX1BP3
1031,gene_effect_DSTYK
1032,gene_effect_POLR3K
1033,gene_effect_B4GALNT4
1034,gene_effect_CLTRN
1035,gene_effect_SASH1
1036,gene_effect_KAT6A
1037,gene_effect_GOLGA6L10
1038,gene_effect_TMTC3
1039,gene_effect_PDE4C
1040,gene_effect_EPHA4
1041,gene_effect_SLC18B1
1042,gene_effect_DPP4
1043,gene_effect_SMCO1
1044,gene_effect_MEFV
1045,gene_effect_COL1A1
1046,gene_effect_PRDM13
1047,gene_effect_SPA17
1048,gene_effect_SLC6A7
1049,gene_effect_KRT10
1050,gene_effect_DCAF11
1051,gene_effect_SEMA3D
1052,gene_effect_MUT
1053,gene_effect_PDSS2
1054,gene_effect_HSPB11
1055,gene_effect_USE1
1056,gene_effect_ACOT2
1057,gene_effect_SSNA1
1058,gene_effect_ODF1
1059,gene_effect_U2AF1L4
1060,gene_effect_XCL1
1061,gene_effect_CDH23
1062,gene_effect_RSPH10B
1063,gene_effect_PIFO
1064,gene_effect_LRIG2
1065,gene_effect_TPTE2
1066,gene_effect_TTC36
1067,gene_effect_SIRPG
1068,gene_effect_PFN2
1069,gene_effect_COQ7
1070,gene_effect_INS
1071,gene_effect_THOC3
1072,gene_effect_TXNDC12
1073,gene_effect_MBIP
1074,gene_effect_IFT27
1075,gene_effect_NSUN6
1076,gene_effect_RSRC2
1077,gene_effect_ARHGAP24
1078,gene_effect_RPS12
1079,gene_effect_ZNF785
1080,gene_effect_C1orf43
1081,gene_effect_CARD14
1082,gene_effect_SKIL
1083,gene_effect_ADAT3
1084,gene_effect_SUMO4
1085,gene_effect_CHCHD2
1086,gene_effect_SMAD1
1087,gene_effect_SLC25A36
1088,gene_effect_MRPS24
1089,gene_effect_NCMAP
1090,gene_effect_ZNF597
1091,gene_effect_CACTIN
1092,gene_effect_EIF2A
1093,gene_effect_NPPA
1094,gene_effect_PAXX
1095,gene_effect_OR2AE1
1096,gene_effect_CCDC112
1097,gene_effect_CDC42BPA
1098,gene_effect_PLXDC2
1099,gene_effect_G6PC2
1100,gene_effect_CDC123
1101,gene_effect_CHMP4C
1102,gene_effect_EPS8L1
1103,gene_effect_IFITM10
1104,gene_effect_NAV3
1105,gene_effect_ARHGAP19
1106,gene_effect_SLC16A1
1107,gene_effect_ABCA4
1108,gene_effect_DDX20
1109,gene_effect_BTK
1110,gene_effect_CEP162
1111,gene_effect_FJX1
1112,gene_effect_ACLY
1113,gene_effect_FOS
1114,gene_effect_GAREM1
1115,gene_effect_PSG5
1116,gene_effect_CR2
1117,gene_effect_CLEC4E
1118,gene_effect_SPIC
1119,gene_effect_TRIM62
1120,gene_effect_EPB42
1121,gene_effect_REEP3
1122,gene_effect_TOP2A
1123,gene_effect_HEXA
1124,gene_effect_LRRC47
1125,gene_effect_ACCSL
1126,gene_effect_SYNGR3
1127,gene_effect_EDNRB
1128,gene_effect_IMPG2
1129,gene_effect_LYZ
1130,gene_effect_IFIT1B
1131,gene_effect_KIAA0753
1132,gene_effect_SRSF2
1133,gene_effect_SMAD7
1134,gene_effect_TRPC5
1135,gene_effect_BORCS7
1136,gene_effect_GAMT
1137,gene_effect_CYB5D2
1138,gene_effect_GPAM
1139,gene_effect_OLAH
1140,gene_effect_CCDC33
1141,gene_effect_MOG
1142,gene_effect_RSRP1
1143,gene_effect_AGAP9
1144,gene_effect_ART4
1145,gene_effect_RNF34
1146,gene_effect_ANP32A
1147,gene_effect_ZNF251
1148,gene_effect_AMBN
1149,gene_effect_MAPKAPK3
1150,gene_effect_MMRN2
1151,gene_effect_C16orf86
1152,gene_effect_AK1
1153,gene_effect_RRAGA
1154,gene_effect_DNAH1
1155,gene_effect_AAR2
1156,gene_effect_TSPAN18
1157,gene_effect_POU4F2
1158,gene_effect_TSPAN16
1159,gene_effect_PYROXD1
1160,gene_effect_DMRT2
1161,gene_effect_RPTN
1162,gene_effect_BRCA1
1163,gene_effect_CAPN2
1164,gene_effect_DHFR2
1165,gene_effect_PES1
1166,gene_effect_TIRAP
1167,gene_effect_PEX1
1168,gene_effect_SCGB3A2
1169,gene_effect_KMT2B
1170,gene_effect_CYB5R3
1171,gene_effect_HIST1H4D
1172,gene_effect_NGLY1
1173,gene_effect_RAB3B
1174,gene_effect_ALKBH1
1175,gene_effect_NXPH1
1176,gene_effect_TP53AIP1
1177,gene_effect_BAAT
1178,gene_effect_ATP6AP1
1179,gene_effect_C11orf53
1180,gene_effect_ZDHHC1
1181,gene_effect_SLC26A1
1182,gene_effect_CD248
1183,gene_effect_KCNU1
1184,gene_effect_KIFC1
1185,gene_effect_SLC25A45
1186,gene_effect_UPK2
1187,gene_effect_S100A13
1188,gene_effect_NT5C3A
1189,gene_effect_CBLL2
1190,gene_effect_SEC22C
1191,gene_effect_GADD45B
1192,gene_effect_OR2T27
1193,gene_effect_ZNF470
1194,gene_effect_OSM
1195,gene_effect_CRIP3
1196,gene_effect_FBXW10
1197,gene_effect_OR1D5
1198,gene_effect_KRT36
1199,gene_effect_KLRG1
1200,gene_effect_GRID1
1201,gene_effect_PAIP2
1202,gene_effect_SCN3B
1203,gene_effect_OR4F6
1204,gene_effect_DNAI2
1205,gene_effect_PSG6
1206,gene_effect_ETNK1
1207,gene_effect_CD276
1208,gene_effect_LRRIQ4
1209,gene_effect_RPS6KA5
1210,gene_effect_CARD9
1211,gene_effect_AUTS2
1212,gene_effect_PPIAL4G
1213,gene_effect_CHURC1
1214,gene_effect_KLKB1
1215,gene_effect_POTEB2
1216,gene_effect_CYP1A2
1217,gene_effect_DYRK2
1218,gene_effect_GALK1
1219,gene_effect_OR8B2
1220,gene_effect_ZNF326
1221,gene_effect_SUPT16H
1222,gene_effect_CEPT1
1223,gene_effect_LLCFC1
1224,gene_effect_IGFALS
1225,gene_effect_KCTD12
1226,gene_effect_OR6B1
1227,gene_effect_POTEM
1228,gene_effect_TRRAP
1229,gene_effect_GDAP2
1230,gene_effect_PLIN4
1231,gene_effect_RAB36
1232,gene_effect_ZDHHC9
1233,gene_effect_SMPDL3A
1234,gene_effect_SLC5A2
1235,gene_effect_UQCR11
1236,gene_effect_PPP6R2
1237,gene_effect_ARL3
1238,gene_effect_LRRC75A
1239,gene_effect_AMBP
1240,gene_effect_MEGF9
1241,gene_effect_SRSF11
1242,gene_effect_PRR15
1243,gene_effect_PPFIA2
1244,gene_effect_PLN
1245,gene_effect_TRPM8
1246,gene_effect_SP5
1247,gene_effect_OR10H2
1248,gene_effect_TRAPPC1
1249,gene_effect_TCEANC
1250,gene_effect_NCAPD2
1251,gene_effect_SPANXB1
1252,gene_effect_CLK4
1253,gene_effect_RPL36AL
1254,gene_effect_MED11
1255,gene_effect_CST7
1256,gene_effect_PLA1A
1257,gene_effect_IFT122
1258,gene_effect_GCK
1259,gene_effect_ENPP1
1260,gene_effect_LPIN1
1261,gene_effect_GEN1
1262,gene_effect_A2M
1263,gene_effect_TMPRSS11F
1264,gene_effect_SCN4A
1265,gene_effect_ZDHHC14
1266,gene_effect_EEF1A2
1267,gene_effect_TEDC1
1268,gene_effect_ECHS1
1269,gene_effect_CPSF3
1270,gene_effect_CTU1
1271,gene_effect_EXTL3
1272,gene_effect_ALDH7A1
1273,gene_effect_PLEKHG6
1274,gene_effect_CDS2
1275,gene_effect_REEP6
1276,gene_effect_JAM2
1277,gene_effect_IFT88
1278,gene_effect_SMAD9
1279,gene_effect_STC2
1280,gene_effect_SMO
1281,gene_effect_NOXA1
1282,gene_effect_TLR9
1283,gene_effect_PLAGL1
1284,gene_effect_HIST1H2AM
1285,gene_effect_NAA35
1286,gene_effect_TBC1D10C
1287,gene_effect_ZNF22
1288,gene_effect_SLC30A4
1289,gene_effect_KLF9
1290,gene_effect_RASAL1
1291,gene_effect_RTL8B
1292,gene_effect_CDC6
1293,gene_effect_CCL4L2
1294,gene_effect_NDN
1295,gene_effect_CHP1
1296,gene_effect_AGPAT3
1297,gene_effect_SLC29A2
1298,gene_effect_CHAD
1299,gene_effect_GRIN3B
1300,gene_effect_PIGX
1301,gene_effect_RIOK2
1302,gene_effect_OR4A5
1303,gene_effect_RCAN2
1304,gene_effect_GRPEL1
1305,gene_effect_APOA4
1306,gene_effect_SDC2
1307,gene_effect_MPST
1308,gene_effect_ALAS2
1309,gene_effect_GABARAPL1
1310,gene_effect_BRCA2
1311,gene_effect_MPEG1
1312,gene_effect_CERK
1313,gene_effect_KRT12
1314,gene_effect_YKT6
1315,gene_effect_FAM111A
1316,gene_effect_UTP14C
1317,gene_effect_EPC2
1318,gene_effect_UGT3A2
1319,gene_effect_CRYBA1
1320,gene_effect_CXCL12
1321,gene_effect_PCDHB5
1322,gene_effect_KCNT1
1323,gene_effect_MYBPC1
1324,gene_effect_ZBTB1
1325,gene_effect_GSDMB
1326,gene_effect_ASPRV1
1327,gene_effect_ATP8B3
1328,gene_effect_SLC13A1
1329,gene_effect_TP53BP1
1330,gene_effect_OR1L4
1331,gene_effect_GREM2
1332,gene_effect_ZNF420
1333,gene_effect_SHCBP1
1334,gene_effect_C19orf66
1335,gene_effect_ZNF571
1336,gene_effect_FBLN1
1337,gene_effect_TMPRSS11D
1338,gene_effect_NONO
1339,gene_effect_C9orf153
1340,gene_effect_DOCK10
1341,gene_effect_BMP2
1342,gene_effect_PCNP
1343,gene_effect_ACSL5
1344,gene_effect_NMB
1345,gene_effect_RPL5
1346,gene_effect_VEZF1
1347,gene_effect_ZNF254
1348,gene_effect_NUP205
1349,gene_effect_SUGT1
1350,gene_effect_ANAPC7
1351,gene_effect_TIMM50
1352,gene_effect_HSPG2
1353,gene_effect_FGD1
1354,gene_effect_RERGL
1355,gene_effect_TLK1
1356,gene_effect_STAC
1357,gene_effect_TSPAN9
1358,gene_effect_GPR137B
1359,gene_effect_NLGN3
1360,gene_effect_PSEN1
1361,gene_effect_GADD45G
1362,gene_effect_NID1
1363,gene_effect_PSMB10
1364,gene_effect_HOOK1
1365,gene_effect_PHGR1
1366,gene_effect_SYNE3
1367,gene_effect_SLFN5
1368,gene_effect_CASP9
1369,gene_effect_CNTNAP3B
1370,gene_effect_CRYBA4
1371,gene_effect_SPATA19
1372,gene_effect_COL25A1
1373,gene_effect_DEFB124
1374,gene_effect_SIT1
1375,gene_effect_TIMM13
1376,gene_effect_STN1
1377,gene_effect_LURAP1
1378,gene_effect_VPS28
1379,gene_effect_MARK4
1380,gene_effect_GTF2H2C
1381,gene_effect_CLCNKA
1382,gene_effect_GSTP1
1383,gene_effect_ATP5F1E
1384,gene_effect_MORN1
1385,gene_effect_HVCN1
1386,gene_effect_ZC3H12C
1387,gene_effect_ZNF679
1388,gene_effect_ZNF540
1389,gene_effect_PGAP1
1390,gene_effect_MUC6
1391,gene_effect_ITGA7
1392,gene_effect_PRDM14
1393,gene_effect_PRUNE2
1394,gene_effect_C1orf141
1395,gene_effect_LRRC42
1396,gene_effect_ECT2
1397,gene_effect_PKD2L1
1398,gene_effect_ATF5
1399,gene_effect_OR13G1
1400,gene_effect_RELCH
1401,gene_effect_MAP7
1402,gene_effect_CITED1
1403,gene_effect_ADD3
1404,gene_effect_FBXL18
1405,gene_effect_ERN1
1406,gene_effect_HPS6
1407,gene_effect_CYP4B1
1408,gene_effect_POLA2
1409,gene_effect_EPG5
1410,gene_effect_SYNE1
1411,gene_effect_BCL11A
1412,gene_effect_KLF10
1413,gene_effect_ADH4
1414,gene_effect_FGG
1415,gene_effect_DBNDD1
1416,gene_effect_WASHC4
1417,gene_effect_ARAP1
1418,gene_effect_PITPNM2
1419,gene_effect_SPDYE1
1420,gene_effect_ESAM
1421,gene_effect_TSPAN5
1422,gene_effect_STXBP3
1423,gene_effect_LRRC7
1424,gene_effect_APOBEC3H
1425,gene_effect_TTBK1
1426,gene_effect_VAMP7
1427,gene_effect_CIB3
1428,gene_effect_CYP2A13
1429,gene_effect_MAPK7
1430,gene_effect_PPP6R1
1431,gene_effect_QSOX1
1432,gene_effect_KIF7
1433,gene_effect_MOB3B
1434,gene_effect_SLC10A6
1435,gene_effect_CPSF2
1436,gene_effect_MARCH1
1437,gene_effect_GID8
1438,gene_effect_ZNF547
1439,gene_effect_CCDC61
1440,gene_effect_CD99L2
1441,gene_effect_UBXN11
1442,gene_effect_SMPD2
1443,gene_effect_ZNF665
1444,gene_effect_GP1BB
1445,gene_effect_ZNF708
1446,gene_effect_LTBP2
1447,gene_effect_GEM
1448,gene_effect_EIF5B
1449,gene_effect_ZNF707
1450,gene_effect_MTF2
1451,gene_effect_IFIT1
1452,gene_effect_PNRC2
1453,gene_effect_IRX1
1454,gene_effect_ATP1A4
1455,gene_effect_FNDC4
1456,gene_effect_MRPS34
1457,gene_effect_C19orf12
1458,gene_effect_ACSM6
1459,gene_effect_FTSJ3
1460,gene_effect_OR2AG1
1461,gene_effect_FRA10AC1
1462,gene_effect_ABCA8
1463,gene_effect_ODF2L
1464,gene_effect_MGLL
1465,gene_effect_SYCP3
1466,gene_effect_SPIB
1467,gene_effect_MAGI1
1468,gene_effect_TPD52L1
1469,gene_effect_OR11A1
1470,gene_effect_ZNF205
1471,gene_effect_SLC18A2
1472,gene_effect_DENND2D
1473,gene_effect_EIF3M
1474,gene_effect_ROPN1B
1475,gene_effect_OPN4
1476,gene_effect_SCRT1
1477,gene_effect_TEX36
1478,gene_effect_LPCAT3
1479,gene_effect_HES1
1480,gene_effect_PER3
1481,gene_effect_DEFB116
1482,gene_effect_OR51G2
1483,gene_effect_EPM2A
1484,gene_effect_LSM8
1485,gene_effect_CACFD1
1486,gene_effect_PTPA
1487,gene_effect_SPTSSB
1488,gene_effect_GLIPR1L2
1489,gene_effect_SLC4A1AP
1490,gene_effect_HACD4
1491,gene_effect_TMEM51
1492,gene_effect_SPINT3
1493,gene_effect_ASF1A
1494,gene_effect_KIF11
1495,gene_effect_AGBL1
1496,gene_effect_CPLANE1
1497,gene_effect_SEMA4B
1498,gene_effect_STMN1
1499,gene_effect_LAMA3
1500,gene_effect_IFNB1
1501,gene_effect_TOX3
1502,gene_effect_SPDYE16
1503,gene_effect_CNIH2
1504,gene_effect_KIF1A
1505,gene_effect_TMEM35A
1506,gene_effect_OR9A4
1507,gene_effect_RNASE4
1508,gene_effect_LCORL
1509,gene_effect_INPP5J
1510,gene_effect_SDCCAG8
1511,gene_effect_NCAPH2
1512,gene_effect_RAD23B
1513,gene_effect_CCDC181
1514,gene_effect_BRWD1
1515,gene_effect_RPL4
1516,gene_effect_ZFP30
1517,gene_effect_VSTM2A
1518,gene_effect_FAM227B
1519,gene_effect_TLE6
1520,gene_effect_GP1BA
1521,gene_effect_CCDC70
1522,gene_effect_CUL4B
1523,gene_effect_AP1G2
1524,gene_effect_C2CD4B
1525,gene_effect_OTOS
1526,gene_effect_PLCB2
1527,gene_effect_CXCL16
1528,gene_effect_PABPC5
1529,gene_effect_DNAJB11
1530,gene_effect_TXLNG
1531,gene_effect_FAM173B
1532,gene_effect_MRPS23
1533,gene_effect_GLOD4
1534,gene_effect_SLC29A3
1535,gene_effect_CBLC
1536,gene_effect_CTRB1
1537,gene_effect_CYP4V2
1538,gene_effect_SHBG
1539,gene_effect_KRAS
1540,gene_effect_RWDD2A
1541,gene_effect_MRI1
1542,gene_effect_MYOF
1543,gene_effect_SYNJ2
1544,gene_effect_HOXD3
1545,gene_effect_FAM19A5
1546,gene_effect_ATP6AP2
1547,gene_effect_ZNF148
1548,gene_effect_FICD
1549,gene_effect_SLC6A13
1550,gene_effect_PAK4
1551,gene_effect_SMC1B
1552,gene_effect_SERPING1
1553,gene_effect_ZDHHC15
1554,gene_effect_FNDC10
1555,gene_effect_MORC3
1556,gene_effect_MYOZ3
1557,gene_effect_VAMP1
1558,gene_effect_APBB1IP
1559,gene_effect_POU2F2
1560,gene_effect_TCTN2
1561,gene_effect_CEP78
1562,gene_effect_SEMA3A
1563,gene_effect_FAM131A
1564,gene_effect_ERGIC3
1565,gene_effect_NR1H2
1566,gene_effect_ATP6V1H
1567,gene_effect_DTNA
1568,gene_effect_GPR108
1569,gene_effect_MAGEB4
1570,gene_effect_GAPVD1
1571,gene_effect_BPTF
1572,gene_effect_PRPS1
1573,gene_effect_RBM47
1574,gene_effect_VNN2
1575,gene_effect_RASGRP1
1576,gene_effect_SNX12
1577,gene_effect_RRP12
1578,gene_effect_ALDH1L1
1579,gene_effect_SH3D21
1580,gene_effect_USP2
1581,gene_effect_ELL2
1582,gene_effect_GGT1
1583,gene_effect_WNK1
1584,gene_effect_LY6G5C
1585,gene_effect_BFAR
1586,gene_effect_CDCA5
1587,gene_effect_HOXC13
1588,gene_effect_NCF4
1589,gene_effect_PLEKHF2
1590,gene_effect_AOC3
1591,gene_effect_CBWD3
1592,gene_effect_CPSF4
1593,gene_effect_MED22
1594,gene_effect_ZNF138
1595,gene_effect_OR6C4
1596,gene_effect_HAUS1
1597,gene_effect_ULK2
1598,gene_effect_MYOC
1599,gene_effect_CYBRD1
1600,gene_effect_BET1
1601,gene_effect_GGCX
1602,gene_effect_GJB7
1603,gene_effect_SLC9A8
1604,gene_effect_NXPH3
1605,gene_effect_BCAS3
1606,gene_effect_DBT
1607,gene_effect_GPI
1608,gene_effect_MMP20
1609,gene_effect_DSG1
1610,gene_effect_ANKRD33B
1611,gene_effect_GPRC6A
1612,gene_effect_PRDM5
1613,gene_effect_ASB9
1614,gene_effect_KITLG
1615,gene_effect_SHANK1
1616,gene_effect_HAPLN1
1617,gene_effect_IL37
1618,gene_effect_HBG1
1619,gene_effect_LRFN2
1620,gene_effect_HYAL2
1621,gene_effect_TNXB
1622,gene_effect_ATXN7L1
1623,gene_effect_GRIA1
1624,gene_effect_GORASP1
1625,gene_effect_CCDC66
1626,gene_effect_CD163
1627,gene_effect_CD2BP2
1628,gene_effect_TCIM
1629,gene_effect_CARMIL1
1630,gene_effect_FZD6
1631,gene_effect_TIMM10B
1632,gene_effect_PTGR2
1633,gene_effect_CTAGE4
1634,gene_effect_TMEM86A
1635,gene_effect_ARHGAP10
1636,gene_effect_DMXL1
1637,gene_effect_MC1R
1638,gene_effect_OR4X1
1639,gene_effect_SLC6A11
1640,gene_effect_SEC16A
1641,gene_effect_SLFN13
1642,gene_effect_DUSP1
1643,gene_effect_CCL28
1644,gene_effect_PRR20A
1645,gene_effect_AFF2
1646,gene_effect_KCTD5
1647,gene_effect_PDCD4
1648,gene_effect_THAP2
1649,gene_effect_IFT172
1650,gene_effect_CBWD1
1651,gene_effect_RAB39A
1652,gene_effect_TCTN3
1653,gene_effect_NINJ1
1654,gene_effect_TBL1X
1655,gene_effect_NR4A1
1656,gene_effect_BLK
1657,gene_effect_DPPA5
1658,gene_effect_PPP1R18
1659,gene_effect_ATAD5
1660,gene_effect_LRP5
1661,gene_effect_PTGER2
1662,gene_effect_TBX1
1663,gene_effect_EMCN
1664,gene_effect_NCAN
1665,gene_effect_WNT11
1666,gene_effect_STK26
1667,gene_effect_MRPL11
1668,gene_effect_NAPA
1669,gene_effect_YIPF6
1670,gene_effect_PHACTR2
1671,gene_effect_DBNL
1672,gene_effect_KRTAP19-4
1673,gene_effect_ERMARD
1674,gene_effect_AGXT2
1675,gene_effect_CD22
1676,gene_effect_DDX5
1677,gene_effect_TBR1
1678,gene_effect_SIRPA
1679,gene_effect_CPOX
1680,gene_effect_TFAP2D
1681,gene_effect_DEFB114
1682,gene_effect_SNTN
1683,gene_effect_CLEC5A
1684,gene_effect_CRHR1
1685,gene_effect_ZNF736
1686,gene_effect_WNK4
1687,gene_effect_NDUFB3
1688,gene_effect_OGFR
1689,gene_effect_PCDHGB1
1690,gene_effect_MGST2
1691,gene_effect_ITPKB
1692,gene_effect_HIVEP3
1693,gene_effect_PRTFDC1
1694,gene_effect_ZNF649
1695,gene_effect_HIST1H3D
1696,gene_effect_MYOM1
1697,gene_effect_ZNF438
1698,gene_effect_TMX2
1699,gene_effect_SH3TC2
1700,gene_effect_NOP53
1701,gene_effect_TMEM208
1702,gene_effect_TMED6
1703,gene_effect_SPRR2E
1704,gene_effect_NEURL1B
1705,gene_effect_N4BP2L2
1706,gene_effect_RPL12
1707,gene_effect_SNX11
1708,gene_effect_FCRL2
1709,gene_effect_UHRF2
1710,gene_effect_SLC40A1
1711,gene_effect_ESPL1
1712,gene_effect_CMTM3
1713,gene_effect_PABPN1
1714,gene_effect_ZNF286B
1715,gene_effect_SH2D4B
1716,gene_effect_GPRIN3
1717,gene_effect_RCBTB2
1718,gene_effect_SLC25A51
1719,gene_effect_ERGIC2
1720,gene_effect_TPST1
1721,gene_effect_OR2L3
1722,gene_effect_TIAF1
1723,gene_effect_MAGED1
1724,gene_effect_CLDN24
1725,gene_effect_LIPJ
1726,gene_effect_ZNF596
1727,gene_effect_ZNF680
1728,gene_effect_PABPC1L2A
1729,gene_effect_SLC39A8
1730,gene_effect_TREM2
1731,gene_effect_NUP58
1732,gene_effect_CYP27C1
1733,gene_effect_OR51B6
1734,gene_effect_FAM3A
1735,gene_effect_UBASH3A
1736,gene_effect_KCTD3
1737,gene_effect_REG3A
1738,gene_effect_TTC32
1739,gene_effect_MED29
1740,gene_effect_LTB4R2
1741,gene_effect_FAM86C1
1742,gene_effect_CRAT
1743,gene_effect_SNX8
1744,gene_effect_FRMD8
1745,gene_effect_CCDC174
1746,gene_effect_RPL34
1747,gene_effect_CORIN
1748,gene_effect_KIAA1211L
1749,gene_effect_SLC26A6
1750,gene_effect_UQCRFS1
1751,gene_effect_SLC5A1
1752,gene_effect_COASY
1753,gene_effect_RASIP1
1754,gene_effect_TMEM40
1755,gene_effect_RNF186
1756,gene_effect_GLI2
1757,gene_effect_MTERF1
1758,gene_effect_C1orf123
1759,gene_effect_HIST1H3G
1760,gene_effect_TUBG1
1761,gene_effect_RAB3IP
1762,gene_effect_HHAT
1763,gene_effect_SELENOP
1764,gene_effect_VTI1A
1765,gene_effect_GALNT14
1766,gene_effect_FAM102B
1767,gene_effect_KIF24
1768,gene_effect_DTX4
1769,gene_effect_PCDHGA3
1770,gene_effect_HTR2A
1771,gene_effect_CHD5
1772,gene_effect_SRMS
1773,gene_effect_RALGDS
1774,gene_effect_MYT1
1775,gene_effect_RTTN
1776,gene_effect_HIGD1C
1777,gene_effect_TTC5
1778,gene_effect_KRT82
1779,gene_effect_ARF5
1780,gene_effect_ABL1
1781,gene_effect_CCDC47
1782,gene_effect_CORO1B
1783,gene_effect_EIF4A3
1784,gene_effect_HDDC2
1785,gene_effect_PPEF2
1786,gene_effect_KIAA0319L
1787,gene_effect_OR4M1
1788,gene_effect_SPATA31A3
1789,gene_effect_PLAC1
1790,gene_effect_NPC1
1791,gene_effect_DIRC1
1792,gene_effect_FAM43A
1793,gene_effect_CPXM2
1794,gene_effect_TCP10
1795,gene_effect_ERBIN
1796,gene_effect_EFNA2
1797,gene_effect_RTP2
1798,gene_effect_CHRD
1799,gene_effect_PREP
1800,gene_effect_C10orf99
1801,gene_effect_MYSM1
1802,gene_effect_GIMAP7
1803,gene_effect_HLX
1804,gene_effect_TMEM150B
1805,gene_effect_YIF1B
1806,gene_effect_IGHMBP2
1807,gene_effect_LCE3A
1808,gene_effect_GABRG3
1809,gene_effect_DUS2
1810,gene_effect_DYM
1811,gene_effect_TXNRD2
1812,gene_effect_HGD
1813,gene_effect_LUZP2
1814,gene_effect_EPM2AIP1
1815,gene_effect_MARK3
1816,gene_effect_ZBTB33
1817,gene_effect_APOBEC2
1818,gene_effect_CNIH1
1819,gene_effect_TPM4
1820,gene_effect_SLC16A4
1821,gene_effect_CCK
1822,gene_effect_ENDOV
1823,gene_effect_ZSWIM2
1824,gene_effect_PLXNB1
1825,gene_effect_ADAMTS10
1826,gene_effect_EFCAB9
1827,gene_effect_PQBP1
1828,gene_effect_PPP1R12C
1829,gene_effect_PODXL2
1830,gene_effect_PHYHIP
1831,gene_effect_NRK
1832,gene_effect_TNFRSF1B
1833,gene_effect_KRTAP5-3
1834,gene_effect_STX19
1835,gene_effect_TNFAIP8
1836,gene_effect_CREB3L4
1837,gene_effect_KLHL1
1838,gene_effect_DGKZ
1839,gene_effect_LOXL4
1840,gene_effect_CLPX
1841,gene_effect_OR51T1
1842,gene_effect_RAD21L1
1843,gene_effect_SRM
1844,gene_effect_MKLN1
1845,gene_effect_ZNF202
1846,gene_effect_PEAK3
1847,gene_effect_PDE3B
1848,gene_effect_TAAR6
1849,gene_effect_OR1D2
1850,gene_effect_SLC44A2
1851,gene_effect_ATG10
1852,gene_effect_PIP
1853,gene_effect_SMPD3
1854,gene_effect_HYLS1
1855,gene_effect_CYB5B
1856,gene_effect_GJC3
1857,gene_effect_ELAC1
1858,gene_effect_N4BP2L1
1859,gene_effect_GPAT3
1860,gene_effect_MRGPRX1
1861,gene_effect_SMR3B
1862,gene_effect_PRSS12
1863,gene_effect_RIC8B
1864,gene_effect_ATP5IF1
1865,gene_effect_EHMT1
1866,gene_effect_ALDH8A1
1867,gene_effect_PARP9
1868,gene_effect_HERPUD2
1869,gene_effect_MAT2B
1870,gene_effect_MREG
1871,gene_effect_ING2
1872,gene_effect_S100A16
1873,gene_effect_RNASE1
1874,gene_effect_KRTAP4-4
1875,gene_effect_RASL11A
1876,gene_effect_NELL1
1877,gene_effect_CXCR3
1878,gene_effect_FAM219A
1879,gene_effect_TRIM40
1880,gene_effect_AMIGO2
1881,gene_effect_TUFT1
1882,gene_effect_RENBP
1883,gene_effect_AQP7
1884,gene_effect_RBM33
1885,gene_effect_IL1RAP
1886,gene_effect_IL12A
1887,gene_effect_SRSF5
1888,gene_effect_PPP1R14D
1889,gene_effect_SRRM1
1890,gene_effect_PCDHA11
1891,gene_effect_PPP3CA
1892,gene_effect_DTWD1
1893,gene_effect_BEX4
1894,gene_effect_HAL
1895,gene_effect_PCDHAC1
1896,gene_effect_MAN2A1
1897,gene_effect_CIDEB
1898,gene_effect_GALNT18
1899,gene_effect_THYN1
1900,gene_effect_RTN4RL1
1901,gene_effect_STPG1
1902,gene_effect_NACA
1903,gene_effect_DHX8
1904,gene_effect_TIGIT
1905,gene_effect_CCDC140
1906,gene_effect_ATG13
1907,gene_effect_CPNE4
1908,gene_effect_KPNA3
1909,gene_effect_DHRS11
1910,gene_effect_FBXO21
1911,gene_effect_EYA2
1912,gene_effect_SRSF3
1913,gene_effect_VWA3A
1914,gene_effect_LRRC36
1915,gene_effect_MIB1
1916,gene_effect_AASDH
1917,gene_effect_IRGM
1918,gene_effect_ANGPTL8
1919,gene_effect_CA1
1920,gene_effect_PANX2
1921,gene_effect_KLHL9
1922,gene_effect_PNPO
1923,gene_effect_TIPARP
1924,gene_effect_KCNQ1
1925,gene_effect_CFAP57
1926,gene_effect_ETNPPL
1927,gene_effect_ATXN1L
1928,gene_effect_FGF5
1929,gene_effect_PMP22
1930,gene_effect_ABCC10
1931,gene_effect_BPIFB1
1932,gene_effect_GGT7
1933,gene_effect_PLA2G4A
1934,gene_effect_CEACAM5
1935,gene_effect_PLIN5
1936,gene_effect_IFIT3
1937,gene_effect_TRPC4AP
1938,gene_effect_NCK2
1939,gene_effect_SLC35G1
1940,gene_effect_OR2A4
1941,gene_effect_TRA2A
1942,gene_effect_NKAIN1
1943,gene_effect_HSP90B1
1944,gene_effect_CPSF1
1945,gene_effect_CDCA8
1946,gene_effect_PPP1R14C
1947,gene_effect_OR5M11
1948,gene_effect_PPP1CA
1949,gene_effect_JKAMP
1950,gene_effect_FBXO11
1951,gene_effect_RPS10
1952,gene_effect_FLRT2
1953,gene_effect_RGL1
1954,gene_effect_ALOX15B
1955,gene_effect_C12orf57
1956,gene_effect_DEAF1
1957,gene_effect_SLC6A14
1958,gene_effect_PYHIN1
1959,gene_effect_HS3ST3B1
1960,gene_effect_HIST1H2BG
1961,gene_effect_TBXAS1
1962,gene_effect_GAGE2A
1963,gene_effect_C8orf37
1964,gene_effect_SLC25A30
1965,gene_effect_PLCL1
1966,gene_effect_CDK5R2
1967,gene_effect_MYO1E
1968,gene_effect_CHRNB1
1969,gene_effect_OR51A7
1970,gene_effect_FAM13B
1971,gene_effect_ODF3L2
1972,gene_effect_NOX4
1973,gene_effect_AP1B1
1974,gene_effect_HBP1
1975,gene_effect_MAN1C1
1976,gene_effect_ZNF704
1977,gene_effect_YPEL2
1978,gene_effect_TRAP1
1979,gene_effect_C11orf54
1980,gene_effect_SELENOK
1981,gene_effect_HPDL
1982,gene_effect_HMCN1
1983,gene_effect_LIPK
1984,gene_effect_KCTD18
1985,gene_effect_TSGA13
1986,gene_effect_CDKN1A
1987,gene_effect_CXCR1
1988,gene_effect_HOXB5
1989,gene_effect_KCTD6
1990,gene_effect_PIK3R3
1991,gene_effect_ANO6
1992,gene_effect_GPNMB
1993,gene_effect_TMEM229B
1994,gene_effect_ZNF74
1995,gene_effect_GPR135
1996,gene_effect_RNF185
1997,gene_effect_NOP16
1998,gene_effect_ZMYND15
1999,gene_effect_SLC25A6
